-- MySQL dump 10.13  Distrib 5.7.17, for Linux (x86_64)
--
-- Host: localhost    Database: today_if_ua
-- ------------------------------------------------------
-- Server version	5.7.17-0ubuntu0.16.04.1

/*!40101 SET @OLD_CHARACTER_SET_CLIENT=@@CHARACTER_SET_CLIENT */;
/*!40101 SET @OLD_CHARACTER_SET_RESULTS=@@CHARACTER_SET_RESULTS */;
/*!40101 SET @OLD_COLLATION_CONNECTION=@@COLLATION_CONNECTION */;
/*!40101 SET NAMES utf8 */;
/*!40103 SET @OLD_TIME_ZONE=@@TIME_ZONE */;
/*!40103 SET TIME_ZONE='+00:00' */;
/*!40014 SET @OLD_UNIQUE_CHECKS=@@UNIQUE_CHECKS, UNIQUE_CHECKS=0 */;
/*!40014 SET @OLD_FOREIGN_KEY_CHECKS=@@FOREIGN_KEY_CHECKS, FOREIGN_KEY_CHECKS=0 */;
/*!40101 SET @OLD_SQL_MODE=@@SQL_MODE, SQL_MODE='NO_AUTO_VALUE_ON_ZERO' */;
/*!40111 SET @OLD_SQL_NOTES=@@SQL_NOTES, SQL_NOTES=0 */;

--
-- Table structure for table `auth_group`
--

DROP TABLE IF EXISTS `auth_group`;
/*!40101 SET @saved_cs_client     = @@character_set_client */;
/*!40101 SET character_set_client = utf8 */;
CREATE TABLE `auth_group` (
  `id` int(11) NOT NULL AUTO_INCREMENT,
  `name` varchar(80) NOT NULL,
  PRIMARY KEY (`id`),
  UNIQUE KEY `name` (`name`)
) ENGINE=InnoDB DEFAULT CHARSET=utf8;
/*!40101 SET character_set_client = @saved_cs_client */;

--
-- Dumping data for table `auth_group`
--

LOCK TABLES `auth_group` WRITE;
/*!40000 ALTER TABLE `auth_group` DISABLE KEYS */;
/*!40000 ALTER TABLE `auth_group` ENABLE KEYS */;
UNLOCK TABLES;

--
-- Table structure for table `auth_group_permissions`
--

DROP TABLE IF EXISTS `auth_group_permissions`;
/*!40101 SET @saved_cs_client     = @@character_set_client */;
/*!40101 SET character_set_client = utf8 */;
CREATE TABLE `auth_group_permissions` (
  `id` int(11) NOT NULL AUTO_INCREMENT,
  `group_id` int(11) NOT NULL,
  `permission_id` int(11) NOT NULL,
  PRIMARY KEY (`id`),
  UNIQUE KEY `auth_group_permissions_group_id_0cd325b0_uniq` (`group_id`,`permission_id`),
  KEY `auth_group_permissi_permission_id_84c5c92e_fk_auth_permission_id` (`permission_id`),
  CONSTRAINT `auth_group_permissi_permission_id_84c5c92e_fk_auth_permission_id` FOREIGN KEY (`permission_id`) REFERENCES `auth_permission` (`id`),
  CONSTRAINT `auth_group_permissions_group_id_b120cbf9_fk_auth_group_id` FOREIGN KEY (`group_id`) REFERENCES `auth_group` (`id`)
) ENGINE=InnoDB DEFAULT CHARSET=utf8;
/*!40101 SET character_set_client = @saved_cs_client */;

--
-- Dumping data for table `auth_group_permissions`
--

LOCK TABLES `auth_group_permissions` WRITE;
/*!40000 ALTER TABLE `auth_group_permissions` DISABLE KEYS */;
/*!40000 ALTER TABLE `auth_group_permissions` ENABLE KEYS */;
UNLOCK TABLES;

--
-- Table structure for table `auth_permission`
--

DROP TABLE IF EXISTS `auth_permission`;
/*!40101 SET @saved_cs_client     = @@character_set_client */;
/*!40101 SET character_set_client = utf8 */;
CREATE TABLE `auth_permission` (
  `id` int(11) NOT NULL AUTO_INCREMENT,
  `name` varchar(255) NOT NULL,
  `content_type_id` int(11) NOT NULL,
  `codename` varchar(100) NOT NULL,
  PRIMARY KEY (`id`),
  UNIQUE KEY `auth_permission_content_type_id_01ab375a_uniq` (`content_type_id`,`codename`),
  CONSTRAINT `auth_permissi_content_type_id_2f476e4b_fk_django_content_type_id` FOREIGN KEY (`content_type_id`) REFERENCES `django_content_type` (`id`)
) ENGINE=InnoDB AUTO_INCREMENT=31 DEFAULT CHARSET=utf8;
/*!40101 SET character_set_client = @saved_cs_client */;

--
-- Dumping data for table `auth_permission`
--

LOCK TABLES `auth_permission` WRITE;
/*!40000 ALTER TABLE `auth_permission` DISABLE KEYS */;
INSERT INTO `auth_permission` VALUES (1,'Can add log entry',1,'add_logentry'),(2,'Can change log entry',1,'change_logentry'),(3,'Can delete log entry',1,'delete_logentry'),(4,'Can add permission',2,'add_permission'),(5,'Can change permission',2,'change_permission'),(6,'Can delete permission',2,'delete_permission'),(7,'Can add user',3,'add_user'),(8,'Can change user',3,'change_user'),(9,'Can delete user',3,'delete_user'),(10,'Can add group',4,'add_group'),(11,'Can change group',4,'change_group'),(12,'Can delete group',4,'delete_group'),(13,'Can add content type',5,'add_contenttype'),(14,'Can change content type',5,'change_contenttype'),(15,'Can delete content type',5,'delete_contenttype'),(16,'Can add session',6,'add_session'),(17,'Can change session',6,'change_session'),(18,'Can delete session',6,'delete_session'),(19,'Can add Категорія',7,'add_gategories'),(20,'Can change Категорія',7,'change_gategories'),(21,'Can delete Категорія',7,'delete_gategories'),(22,'Can add Подія',8,'add_event'),(23,'Can change Подія',8,'change_event'),(24,'Can delete Подія',8,'delete_event'),(25,'Can add kv store',9,'add_kvstore'),(26,'Can change kv store',9,'change_kvstore'),(27,'Can delete kv store',9,'delete_kvstore'),(28,'Can add Партне',10,'add_partners'),(29,'Can change Партне',10,'change_partners'),(30,'Can delete Партне',10,'delete_partners');
/*!40000 ALTER TABLE `auth_permission` ENABLE KEYS */;
UNLOCK TABLES;

--
-- Table structure for table `auth_user`
--

DROP TABLE IF EXISTS `auth_user`;
/*!40101 SET @saved_cs_client     = @@character_set_client */;
/*!40101 SET character_set_client = utf8 */;
CREATE TABLE `auth_user` (
  `id` int(11) NOT NULL AUTO_INCREMENT,
  `password` varchar(128) NOT NULL,
  `last_login` datetime(6) DEFAULT NULL,
  `is_superuser` tinyint(1) NOT NULL,
  `username` varchar(150) NOT NULL,
  `first_name` varchar(30) NOT NULL,
  `last_name` varchar(30) NOT NULL,
  `email` varchar(254) NOT NULL,
  `is_staff` tinyint(1) NOT NULL,
  `is_active` tinyint(1) NOT NULL,
  `date_joined` datetime(6) NOT NULL,
  PRIMARY KEY (`id`),
  UNIQUE KEY `username` (`username`)
) ENGINE=InnoDB AUTO_INCREMENT=2 DEFAULT CHARSET=utf8;
/*!40101 SET character_set_client = @saved_cs_client */;

--
-- Dumping data for table `auth_user`
--

LOCK TABLES `auth_user` WRITE;
/*!40000 ALTER TABLE `auth_user` DISABLE KEYS */;
INSERT INTO `auth_user` VALUES (1,'pbkdf2_sha256$30000$X5uTpJ7zi7Tv$0Cpyg5hMF8FlJeKKxslpQTGZF4lq2Gp4cgcljUNBUgo=','2017-05-11 12:58:09.287862',1,'madao','','','madao@mail.com',1,1,'2017-03-11 13:50:51.049000');
/*!40000 ALTER TABLE `auth_user` ENABLE KEYS */;
UNLOCK TABLES;

--
-- Table structure for table `auth_user_groups`
--

DROP TABLE IF EXISTS `auth_user_groups`;
/*!40101 SET @saved_cs_client     = @@character_set_client */;
/*!40101 SET character_set_client = utf8 */;
CREATE TABLE `auth_user_groups` (
  `id` int(11) NOT NULL AUTO_INCREMENT,
  `user_id` int(11) NOT NULL,
  `group_id` int(11) NOT NULL,
  PRIMARY KEY (`id`),
  UNIQUE KEY `auth_user_groups_user_id_94350c0c_uniq` (`user_id`,`group_id`),
  KEY `auth_user_groups_group_id_97559544_fk_auth_group_id` (`group_id`),
  CONSTRAINT `auth_user_groups_group_id_97559544_fk_auth_group_id` FOREIGN KEY (`group_id`) REFERENCES `auth_group` (`id`),
  CONSTRAINT `auth_user_groups_user_id_6a12ed8b_fk_auth_user_id` FOREIGN KEY (`user_id`) REFERENCES `auth_user` (`id`)
) ENGINE=InnoDB DEFAULT CHARSET=utf8;
/*!40101 SET character_set_client = @saved_cs_client */;

--
-- Dumping data for table `auth_user_groups`
--

LOCK TABLES `auth_user_groups` WRITE;
/*!40000 ALTER TABLE `auth_user_groups` DISABLE KEYS */;
/*!40000 ALTER TABLE `auth_user_groups` ENABLE KEYS */;
UNLOCK TABLES;

--
-- Table structure for table `auth_user_user_permissions`
--

DROP TABLE IF EXISTS `auth_user_user_permissions`;
/*!40101 SET @saved_cs_client     = @@character_set_client */;
/*!40101 SET character_set_client = utf8 */;
CREATE TABLE `auth_user_user_permissions` (
  `id` int(11) NOT NULL AUTO_INCREMENT,
  `user_id` int(11) NOT NULL,
  `permission_id` int(11) NOT NULL,
  PRIMARY KEY (`id`),
  UNIQUE KEY `auth_user_user_permissions_user_id_14a6b632_uniq` (`user_id`,`permission_id`),
  KEY `auth_user_user_perm_permission_id_1fbb5f2c_fk_auth_permission_id` (`permission_id`),
  CONSTRAINT `auth_user_user_perm_permission_id_1fbb5f2c_fk_auth_permission_id` FOREIGN KEY (`permission_id`) REFERENCES `auth_permission` (`id`),
  CONSTRAINT `auth_user_user_permissions_user_id_a95ead1b_fk_auth_user_id` FOREIGN KEY (`user_id`) REFERENCES `auth_user` (`id`)
) ENGINE=InnoDB DEFAULT CHARSET=utf8;
/*!40101 SET character_set_client = @saved_cs_client */;

--
-- Dumping data for table `auth_user_user_permissions`
--

LOCK TABLES `auth_user_user_permissions` WRITE;
/*!40000 ALTER TABLE `auth_user_user_permissions` DISABLE KEYS */;
/*!40000 ALTER TABLE `auth_user_user_permissions` ENABLE KEYS */;
UNLOCK TABLES;

--
-- Table structure for table `core_event`
--

DROP TABLE IF EXISTS `core_event`;
/*!40101 SET @saved_cs_client     = @@character_set_client */;
/*!40101 SET character_set_client = utf8 */;
CREATE TABLE `core_event` (
  `id` int(11) NOT NULL AUTO_INCREMENT,
  `title` varchar(250) NOT NULL,
  `slug` varchar(250) NOT NULL,
  `photo` varchar(100) DEFAULT NULL,
  `description` longtext,
  `publish` date NOT NULL,
  `status` varchar(10) NOT NULL,
  `event_day` date DEFAULT NULL,
  `location` varchar(550) NOT NULL,
  `contact_number` varchar(250) NOT NULL,
  `price` varchar(250) NOT NULL,
  `ticket` varchar(250) NOT NULL,
  `source` varchar(250) NOT NULL,
  `category_id` int(11),
  `latitude` varchar(250) NOT NULL,
  `longitude` varchar(250) NOT NULL,
  `event_time` time(6),
  `source_href` varchar(250) NOT NULL,
  `location_false` varchar(550) DEFAULT NULL,
  `fb_href` varchar(250) NOT NULL,
  `vk_href` varchar(250) NOT NULL,
  PRIMARY KEY (`id`),
  KEY `core_event_category_id_16086cb1_fk_core_gategories_id` (`category_id`),
  CONSTRAINT `core_event_category_id_16086cb1_fk_core_gategories_id` FOREIGN KEY (`category_id`) REFERENCES `core_gategories` (`id`)
) ENGINE=InnoDB AUTO_INCREMENT=375 DEFAULT CHARSET=utf8;
/*!40101 SET character_set_client = @saved_cs_client */;

--
-- Dumping data for table `core_event`
--

LOCK TABLES `core_event` WRITE;
/*!40000 ALTER TABLE `core_event` DISABLE KEYS */;
/*!40000 ALTER TABLE `core_event` ENABLE KEYS */;
UNLOCK TABLES;

--
-- Table structure for table `core_gategories`
--

DROP TABLE IF EXISTS `core_gategories`;
/*!40101 SET @saved_cs_client     = @@character_set_client */;
/*!40101 SET character_set_client = utf8 */;
CREATE TABLE `core_gategories` (
  `id` int(11) NOT NULL AUTO_INCREMENT,
  `title` varchar(256) NOT NULL,
  `slug` varchar(250) NOT NULL,
  `icon` varchar(250) NOT NULL,
  PRIMARY KEY (`id`),
  UNIQUE KEY `slug` (`slug`)
) ENGINE=InnoDB AUTO_INCREMENT=20 DEFAULT CHARSET=utf8;
/*!40101 SET character_set_client = @saved_cs_client */;

--
-- Dumping data for table `core_gategories`
--

LOCK TABLES `core_gategories` WRITE;
/*!40000 ALTER TABLE `core_gategories` DISABLE KEYS */;
INSERT INTO `core_gategories` VALUES (1,'Театр','teatr','<i class=\'fa fa-sign-language\'></i>'),(2,'Спорт','sport','<i class=\'fa fa-futbol-o\'></i>'),(3,'Фестиваль','festival','<i class=\'fa fa-diamond\'></i>'),(4,'Вечірка','vechirka','<i class=\'fa fa-star\'></i>'),(5,'Концерт','koncert','<i class=\'fa fa-music\'></i>'),(6,'Дітям','dityam','<i class=\'fa fa-child\'></i>'),(7,'Конференція','konferenciya','<i class=\'fa fa-comments\'></i>'),(8,'Виставка','vistavka','<i class=\'fa fa-university\'></i>'),(9,'Екскурсія','ekscursiya','<i class=\'fa fa-map-signs\'></i>'),(10,'Освіта','education','<i class=\'fa fa-graduation-cap\'></i>'),(11,'Акція','actciya','<i class=\'fa fa-shopping-bag\'></i>'),(12,'Інше','another','<i class=\'fa fa-check\'></i>'),(13,'Майстер-клас','masterclass','<i class=\'fa fa-thumbs-up\'></i>'),(14,'Бібліотека','library','<i class=\'fa fa-building\'></i>'),(15,'Мистецтво','mustectvo','<i class=\'fa fa-font\'></i>'),(16,'Музика','music','<i class=\'fa fa-microphone\'></i>'),(17,'Література','Literature','<i class=\'fa fa-book\' ></i>'),(18,'Фотовиставка','fotoexposition','<i class=\'fa fa-camera\'></i>'),(19,'Благодійний захід','blagodiynist','<i class=\'fa fa-heart-o\'></i>');
/*!40000 ALTER TABLE `core_gategories` ENABLE KEYS */;
UNLOCK TABLES;

--
-- Table structure for table `core_partners`
--

DROP TABLE IF EXISTS `core_partners`;
/*!40101 SET @saved_cs_client     = @@character_set_client */;
/*!40101 SET character_set_client = utf8 */;
CREATE TABLE `core_partners` (
  `id` int(11) NOT NULL AUTO_INCREMENT,
  `photo` varchar(100) DEFAULT NULL,
  `source_href` varchar(250) NOT NULL,
  `title` varchar(250),
  PRIMARY KEY (`id`)
) ENGINE=InnoDB AUTO_INCREMENT=8 DEFAULT CHARSET=utf8;
/*!40101 SET character_set_client = @saved_cs_client */;

--
-- Dumping data for table `core_partners`
--

LOCK TABLES `core_partners` WRITE;
/*!40000 ALTER TABLE `core_partners` DISABLE KEYS */;
INSERT INTO `core_partners` VALUES (1,'partner-1.png','https://www.facebook.com/','Петро'),(2,'DSC02951.JPG','https://www.facebook.com/','Вася'),(3,'sheva.jpg','https://www.facebook.com/','Тарас'),(4,'9076a2a2c397e656eda650950ac73c2b.jpg','https://www.facebook.com/','Крутий штріх'),(7,'Best-Mens-Short-Hairstyles-2014-2015-2.jpg','http://kinogo.by/5214-watch-online-movie-prizrak-v-dospehah_ghost-in-the-shell_2017.html','1');
/*!40000 ALTER TABLE `core_partners` ENABLE KEYS */;
UNLOCK TABLES;

--
-- Table structure for table `django_admin_log`
--

DROP TABLE IF EXISTS `django_admin_log`;
/*!40101 SET @saved_cs_client     = @@character_set_client */;
/*!40101 SET character_set_client = utf8 */;
CREATE TABLE `django_admin_log` (
  `id` int(11) NOT NULL AUTO_INCREMENT,
  `action_time` datetime(6) NOT NULL,
  `object_id` longtext,
  `object_repr` varchar(200) NOT NULL,
  `action_flag` smallint(5) unsigned NOT NULL,
  `change_message` longtext NOT NULL,
  `content_type_id` int(11) DEFAULT NULL,
  `user_id` int(11) NOT NULL,
  PRIMARY KEY (`id`),
  KEY `django_admin__content_type_id_c4bce8eb_fk_django_content_type_id` (`content_type_id`),
  KEY `django_admin_log_user_id_c564eba6_fk_auth_user_id` (`user_id`),
  CONSTRAINT `django_admin__content_type_id_c4bce8eb_fk_django_content_type_id` FOREIGN KEY (`content_type_id`) REFERENCES `django_content_type` (`id`),
  CONSTRAINT `django_admin_log_user_id_c564eba6_fk_auth_user_id` FOREIGN KEY (`user_id`) REFERENCES `auth_user` (`id`)
) ENGINE=InnoDB AUTO_INCREMENT=597 DEFAULT CHARSET=utf8;
/*!40101 SET character_set_client = @saved_cs_client */;

--
-- Dumping data for table `django_admin_log`
--

LOCK TABLES `django_admin_log` WRITE;
/*!40000 ALTER TABLE `django_admin_log` DISABLE KEYS */;
INSERT INTO `django_admin_log` VALUES (138,'2017-05-09 18:03:45.472219','8','Король гори',3,'',8,1),(139,'2017-05-09 18:23:45.586223','91','SMM GYM 2.0 ',3,'',8,1),(140,'2017-05-09 18:23:45.857280','90','Вистава \"Оскар і Рожева пані\"',3,'',8,1),(141,'2017-05-09 18:23:45.957402','89','Вистава \"За двома зайцями\"',3,'',8,1),(142,'2017-05-09 18:23:46.479775','88','Велодень 2017',3,'',8,1),(143,'2017-05-09 18:23:46.557871','87','Вистава \"Гамлет у гострому соусі\"',3,'',8,1),(144,'2017-05-09 18:23:46.602582','86','Успішне мислення у бізнесі. Теорія обмежених систем ',3,'',8,1),(145,'2017-05-09 18:23:46.669950','85','Вистава \"За дверима бажань\"',3,'',8,1),(146,'2017-05-09 18:23:46.724954','84','Симпозіум PainControl ',3,'',8,1),(147,'2017-05-09 18:23:46.780605','83','Вистава \"Убити Кароля!\"',3,'',8,1),(148,'2017-05-09 18:23:46.814200','82','Концерт \"Дизель Шоу\"',3,'',8,1),(149,'2017-05-09 18:23:46.870035','81','Благодійний концерт \"Savka-band збирає друзів\"',3,'',8,1),(150,'2017-05-09 18:23:46.936719','80','Концерт Henry No Hurry',3,'',8,1),(151,'2017-05-09 18:23:47.003262','79','Вистава \"Пристрасті ТІЛЯ\"',3,'',8,1),(152,'2017-05-09 18:23:47.070140','78','Виставка живопису \"Прикарпатський анімаліз\"',3,'',8,1),(153,'2017-05-09 18:23:47.103491','77','Open Barista Championship IF 2017',3,'',8,1),(154,'2017-05-09 18:23:47.137359','76','Вистава \"\"Готель двох світів',3,'',8,1),(155,'2017-05-09 18:23:47.203693','75','Смачне читання в долині Муммі-тролів',3,'',8,1),(156,'2017-05-09 18:23:47.259376','74','Виставка живопису \"Прикарпатський анімаліз\"',3,'',8,1),(157,'2017-05-09 18:24:12.229235','73','День Вуличної Музики ',3,'',8,1),(158,'2017-05-09 18:24:12.320938','72','Open Barista Championship IF 2017',3,'',8,1),(159,'2017-05-09 18:24:12.365402','71','It Rally 2017 IFRIT',3,'',8,1),(160,'2017-05-09 18:24:12.432205','70','Frankivsk runday run',3,'',8,1),(161,'2017-05-09 18:24:12.477318','69','Вистава \"Слава героям\"',3,'',8,1),(162,'2017-05-09 18:24:12.520895','68','Виставка живопису \"Прикарпатський анімаліз\"',3,'',8,1),(163,'2017-05-09 18:24:12.576797','67','Нафтогазова енергетика 2017',3,'',8,1),(164,'2017-05-09 18:24:12.632923','66','Концерт Ірини Федишин',3,'',8,1),(165,'2017-05-09 18:24:12.677125','65','Виставка живопису \"Прикарпатський анімаліз\"',3,'',8,1),(166,'2017-05-09 18:24:12.721630','64','Нафтогазова енергетика 2017',3,'',8,1),(167,'2017-05-09 18:24:12.788311','63','Виставка живопису \"Прикарпатський анімаліз\"',3,'',8,1),(168,'2017-05-09 18:24:12.832912','62','Нафтогазова енергетика 2017',3,'',8,1),(169,'2017-05-09 18:24:12.888570','61','Концерт Олексія Набіуліна',3,'',8,1),(170,'2017-05-09 18:24:12.933581','60','Вистава \"Енеїда\"',3,'',8,1),(171,'2017-05-09 18:24:12.977966','59','Вистава \"Красуня і чудовисько\"',3,'',8,1),(172,'2017-05-09 18:24:13.022262','58','Виставка живопису \"Прикарпатський анімаліз\"',3,'',8,1),(173,'2017-05-09 18:24:13.067362','57','Нафтогазова енергетика 2017',3,'',8,1),(174,'2017-05-09 18:24:13.122321','56','International Brokerage Event Innovation4Energy',3,'',8,1),(175,'2017-05-09 18:24:13.167112','55','Виставка живопису \"Прикарпатський анімаліз\"',3,'',8,1),(176,'2017-05-09 18:24:13.212067','54','Нафтогазова енергетика 2017',3,'',8,1),(177,'2017-05-09 18:24:13.278223','53','Кліматично - освітній тренінговий тур \"Генерація Е \"',3,'',8,1),(178,'2017-05-09 18:24:13.334277','52','Вечірка \"Playboy Night\"',3,'',8,1),(179,'2017-05-09 18:24:13.378596','51','Концерт UNPLUGGED',3,'',8,1),(180,'2017-05-09 18:24:13.422977','50','Довершення алеї сакур',3,'',8,1),(181,'2017-05-09 18:24:13.467712','49','Семінар Віктора Васильєва',3,'',8,1),(182,'2017-05-09 18:24:13.511931','48','Виставка живопису \"Прикарпатський анімаліз\"',3,'',8,1),(183,'2017-05-09 18:24:13.567775','47','Виставка декоративно-прикладного мистецтва майстрів Прикарпаття',3,'',8,1),(184,'2017-05-09 18:24:13.635082','46','Деталі',3,'',8,1),(185,'2017-05-09 18:24:13.690799','45','Dj Shnaps',3,'',8,1),(186,'2017-05-09 18:24:13.756803','44','Sinatra. Найкращі Хіти. Leoband Orchestra',3,'',8,1),(187,'2017-05-09 18:24:13.823774','43','Вистава \"Кар\'єрні ігри\"',3,'',8,1),(188,'2017-05-09 18:24:13.868735','42','Смачне читання: борошняні немовлята',3,'',8,1),(189,'2017-05-09 18:24:13.935694','41','Семінар Віктора Васильєва',3,'',8,1),(190,'2017-05-09 18:24:14.034998','40','Семінар \"Інструменти контролю за діяльністю комунальних підприємств\"',3,'',8,1),(191,'2017-05-09 18:24:14.101970','39','Виставка живопису \"Прикарпатський анімаліз\"',3,'',8,1),(192,'2017-05-09 18:24:14.157649','38','Виставка декоративно-прикладного мистецтва майстрів Прикарпаття',3,'',8,1),(193,'2017-05-09 18:24:14.201912','37','DJ Transer',3,'',8,1),(194,'2017-05-09 18:24:14.269232','36','Вечірка \"Чумачеча весна\"',3,'',8,1),(195,'2017-05-09 18:24:14.315766','35','Концерт гурту Тартак',3,'',8,1),(196,'2017-05-09 18:24:14.349136','34','Вистава \"Змішані почуття\"',3,'',8,1),(197,'2017-05-09 18:24:14.382283','33','Star Face of the Season',3,'',8,1),(198,'2017-05-09 18:24:14.416030','32','Виставка живопису \"Прикарпатський анімаліз\"',3,'',8,1),(199,'2017-05-09 18:24:14.449477','31','Виставка декоративно-прикладного мистецтва майстрів Прикарпаття',3,'',8,1),(200,'2017-05-09 18:24:14.482957','30','Виставка графіки Ольги Вязовченко',3,'',8,1),(201,'2017-05-09 18:24:14.515992','29','Вечірка \"Staff party\"',3,'',8,1),(202,'2017-05-09 18:24:14.549468','28','Складові успішного просування в Facebook ',3,'',8,1),(203,'2017-05-09 18:24:14.582994','27','Вистава \"Заробітчанки або Мамо, повернись…\"',3,'',8,1),(204,'2017-05-09 18:24:14.616442','26','Фотовиставка \"Ost-Ukraine. Donbas: 2014-2016\"',3,'',8,1),(205,'2017-05-09 18:24:14.672616','25','Виставка живопису \"Прикарпатський анімаліз\"',3,'',8,1),(206,'2017-05-09 18:24:14.705842','24','Виставка декоративно-прикладного мистецтва майстрів Прикарпаття',3,'',8,1),(207,'2017-05-09 18:24:14.739326','23','Виставка графіки Ольги Вязовченко',3,'',8,1),(208,'2017-05-09 18:24:14.794811','21','Вечірка \"Beauty Fashion Show\"',3,'',8,1),(209,'2017-05-09 18:24:14.850337','20','Концерт Олі Полякової',3,'',8,1),(210,'2017-05-09 18:24:14.883795','19','Благодійний конкурс краси \"Міс Івано-Франківськ\"',3,'',8,1),(211,'2017-05-09 18:24:14.917086','18','Футбол. \"Тепловик-Прикарпаття\" - ФК \"Калуш\"',3,'',8,1),(212,'2017-05-09 18:24:14.950647','17','Фотовиставка \"Ost-Ukraine. Donbas: 2014-2016\"',3,'',8,1),(213,'2017-05-09 18:24:15.006078','16','Виставка живопису \"Прикарпатський анімаліз\"',3,'',8,1),(214,'2017-05-09 18:24:15.039570','15','Виставка декоративно-прикладного мистецтва майстрів Прикарпаття',3,'',8,1),(215,'2017-05-09 18:24:15.095225','14','Виставка графіки Ольги Вязовченко',3,'',8,1),(216,'2017-05-09 18:24:15.151066','13','Вечірка \"Stud Imperia\"',3,'',8,1),(217,'2017-05-09 18:24:15.184750','12','Дівич-вечір по мексиканськи',3,'',8,1),(218,'2017-05-09 18:24:15.218016','11','Король гори',3,'',8,1),(219,'2017-05-09 18:24:15.251297','7','Футбольчік',3,'',8,1),(220,'2017-05-09 18:24:15.307303','6','Концерт в філармонії',3,'',8,1),(221,'2017-05-09 18:24:15.340454','5','Вестава в драметеатрі',3,'',8,1),(222,'2017-05-09 18:24:15.374313','4','Готік паті',3,'',8,1),(223,'2017-05-09 18:24:15.407435','3','Вечірка біля вокзалу',3,'',8,1),(224,'2017-05-09 18:24:15.440533','2','Якийсь ждвіж біляратуші',3,'',8,1),(225,'2017-05-09 18:24:15.497426','1','Подія на міському озері',3,'',8,1),(226,'2017-05-09 18:26:24.459624','101','SMM GYM 2.0 ',3,'',8,1),(227,'2017-05-09 18:26:24.550798','99','Благодійний конкурс краси \"Міс Івано-Франківськ\"',3,'',8,1),(228,'2017-05-09 18:26:24.584267','98','Футбол. \"Тепловик-Прикарпаття\" - ФК \"Калуш\"',3,'',8,1),(229,'2017-05-09 18:26:24.618020','97','Фотовиставка \"Ost-Ukraine. Donbas: 2014-2016\"',3,'',8,1),(230,'2017-05-09 18:26:24.651053','96','Виставка живопису \"Прикарпатський анімаліз\"',3,'',8,1),(231,'2017-05-09 18:26:24.685225','95','Виставка декоративно-прикладного мистецтва майстрів Прикарпаття',3,'',8,1),(232,'2017-05-09 18:26:24.718141','94','Виставка графіки Ольги Вязовченко',3,'',8,1),(233,'2017-05-09 18:26:24.751306','93','Вечірка \"Stud Imperia\"',3,'',8,1),(234,'2017-05-09 18:26:24.785037','92','Дівич-вечір по мексиканськи',3,'',8,1),(235,'2017-05-09 18:28:45.445205','102','SMM GYM 2.0 ',3,'',8,1),(236,'2017-05-09 20:23:55.272462','1','123',3,'',8,1),(237,'2017-05-09 20:24:53.401264','3','Вечірка \"Stud Imperia\"',2,'[{\"changed\": {\"fields\": [\"description\", \"status\", \"location\", \"latitude\", \"longitude\"]}}]',8,1),(238,'2017-05-09 20:25:46.164973','3','Вечірка \"Stud Imperia\"',2,'[{\"changed\": {\"fields\": [\"category\"]}}]',8,1),(239,'2017-05-09 20:27:25.129200','2','Дівич-вечір по мексиканськи',2,'[{\"changed\": {\"fields\": [\"description\", \"status\", \"location\", \"latitude\", \"longitude\"]}}]',8,1),(240,'2017-05-09 21:09:39.444308','3','Вечірка \"Stud Imperia\"',2,'[{\"changed\": {\"fields\": [\"event_day\"]}}]',8,1),(241,'2017-05-09 21:10:19.487431','2','Дівич-вечір по мексиканськи',2,'[{\"changed\": {\"fields\": [\"event_day\"]}}]',8,1),(242,'2017-05-09 21:54:55.285424','3','Вечірка \"Stud Imperia\"',2,'[{\"changed\": {\"fields\": [\"event_time\"]}}]',8,1),(243,'2017-05-10 03:02:41.491507','3','Вечірка \"Stud Imperia\"',2,'[{\"changed\": {\"fields\": [\"event_time\"]}}]',8,1),(244,'2017-05-10 03:03:13.552607','3','Вечірка \"Stud Imperia\"',2,'[{\"changed\": {\"fields\": [\"event_time\"]}}]',8,1),(245,'2017-05-10 03:03:20.528436','2','Дівич-вечір по мексиканськи',2,'[{\"changed\": {\"fields\": [\"event_time\"]}}]',8,1),(246,'2017-05-10 03:14:47.303999','3','Вечірка \"Stud Imperia\"',2,'[{\"changed\": {\"fields\": [\"event_time\"]}}]',8,1),(247,'2017-05-10 09:18:56.195330','88','Король гори',2,'[{\"changed\": {\"fields\": [\"description\", \"event_day\", \"event_time\", \"location\"]}}]',8,1),(248,'2017-05-10 09:19:12.628373','88','Король гори',2,'[{\"changed\": {\"fields\": [\"location\", \"latitude\", \"longitude\"]}}]',8,1),(249,'2017-05-10 09:19:55.409548','88','Король гори',2,'[{\"changed\": {\"fields\": [\"status\"]}}]',8,1),(250,'2017-05-10 12:20:31.105034','87','BRUTTO. ТРУБЫ БУДУТ!',2,'[{\"changed\": {\"fields\": [\"description\", \"status\", \"event_day\", \"location\", \"latitude\", \"longitude\"]}}]',8,1),(251,'2017-05-10 07:26:44.308245','88','Король гори',2,'[{\"changed\": {\"fields\": [\"event_time\"]}}]',8,1),(252,'2017-05-10 19:38:28.062665','2','Дівич-вечір по мексиканськи',2,'[{\"changed\": {\"fields\": [\"event_time\"]}}]',8,1),(253,'2017-05-10 19:38:34.652331','87','BRUTTO. ТРУБЫ БУДУТ!',2,'[{\"changed\": {\"fields\": [\"event_time\"]}}]',8,1),(254,'2017-05-10 19:38:45.362739','3','Вечірка \"Stud Imperia\"',2,'[{\"changed\": {\"fields\": [\"event_time\"]}}]',8,1),(255,'2017-05-10 19:38:53.190601','2','Дівич-вечір по мексиканськи',2,'[{\"changed\": {\"fields\": [\"event_time\"]}}]',8,1),(256,'2017-05-10 10:45:51.212390','3','Вечірка \"Stud Imperia\"',2,'[{\"changed\": {\"fields\": [\"event_time\"]}}]',8,1),(257,'2017-05-09 22:49:53.759422','88','Король гори',2,'[]',8,1),(258,'2017-05-10 10:48:56.343902','86','Frankivsk Half Marathon\'17',3,'',8,1),(259,'2017-05-10 10:48:56.424951','85','Концерт Макса Барских',3,'',8,1),(260,'2017-05-10 10:48:56.469825','84','Концерт Олега Винника',3,'',8,1),(261,'2017-05-10 10:48:56.514015','83','Концерт Dzidzio',3,'',8,1),(262,'2017-05-10 10:48:56.560563','82','Студія \"Квартал-95\"',3,'',8,1),(263,'2017-05-10 10:48:56.604913','81','Вистава \"Дуже проста історія\"',3,'',8,1),(264,'2017-05-10 10:48:56.649229','80','Концерт Океан Ельзи',3,'',8,1),(265,'2017-05-10 10:48:56.693449','79','Вистава \"Оскар і Рожева пані\"',3,'',8,1),(266,'2017-05-10 10:48:56.738026','78','Вистава \"За двома зайцями\"',3,'',8,1),(267,'2017-05-10 10:48:56.782527','77','Велодень 2017',3,'',8,1),(268,'2017-05-10 10:48:56.827077','76','Вистава \"Гамлет у гострому соусі\"',3,'',8,1),(269,'2017-05-10 10:48:56.871694','75','Успішне мислення у бізнесі. Теорія обмежених систем ',3,'',8,1),(270,'2017-05-10 10:48:56.916415','74','Вистава \"За дверима бажань\"',3,'',8,1),(271,'2017-05-10 10:48:56.960970','73','Симпозіум PainControl ',3,'',8,1),(272,'2017-05-10 10:48:57.049883','72','Вистава \"Убити Кароля!\"',3,'',8,1),(273,'2017-05-10 10:48:57.139588','71','Концерт \"Дизель Шоу\"',3,'',8,1),(274,'2017-05-10 10:48:57.183842','70','Благодійний концерт \"Savka-band збирає друзів\"',3,'',8,1),(275,'2017-05-10 10:48:57.228957','69','Концерт Henry No Hurry',3,'',8,1),(276,'2017-05-10 10:48:57.272888','68','Вистава \"Пристрасті ТІЛЯ\"',3,'',8,1),(277,'2017-05-10 10:48:57.317543','67','Виставка живопису \"Прикарпатський анімаліз\"',3,'',8,1),(278,'2017-05-10 10:48:57.362150','66','Open Barista Championship IF 2017',3,'',8,1),(279,'2017-05-10 10:48:57.406835','65','Вистава \"\"Готель двох світів',3,'',8,1),(280,'2017-05-10 10:48:57.452056','64','Смачне читання в долині Муммі-тролів',3,'',8,1),(281,'2017-05-10 10:48:57.484888','63','Виставка живопису \"Прикарпатський анімаліз\"',3,'',8,1),(282,'2017-05-10 10:48:57.518229','62','День Вуличної Музики ',3,'',8,1),(283,'2017-05-10 10:48:57.551655','61','Open Barista Championship IF 2017',3,'',8,1),(284,'2017-05-10 10:48:57.585179','60','It Rally 2017 IFRIT',3,'',8,1),(285,'2017-05-10 10:48:57.618611','59','Frankivsk runday run',3,'',8,1),(286,'2017-05-10 10:48:57.652455','58','Вистава \"Слава героям\"',3,'',8,1),(287,'2017-05-10 10:48:57.685663','57','Виставка живопису \"Прикарпатський анімаліз\"',3,'',8,1),(288,'2017-05-10 10:48:57.719037','56','Нафтогазова енергетика 2017',3,'',8,1),(289,'2017-05-10 10:48:57.752708','55','Концерт Ірини Федишин',3,'',8,1),(290,'2017-05-10 10:48:57.785794','54','Виставка живопису \"Прикарпатський анімаліз\"',3,'',8,1),(291,'2017-05-10 10:48:57.819451','53','Нафтогазова енергетика 2017',3,'',8,1),(292,'2017-05-10 10:48:57.852762','52','Виставка живопису \"Прикарпатський анімаліз\"',3,'',8,1),(293,'2017-05-10 10:48:57.885909','51','Нафтогазова енергетика 2017',3,'',8,1),(294,'2017-05-10 10:48:57.919223','50','Концерт Олексія Набіуліна',3,'',8,1),(295,'2017-05-10 10:48:57.953265','49','Вистава \"Енеїда\"',3,'',8,1),(296,'2017-05-10 10:48:57.986247','48','Вистава \"Красуня і чудовисько\"',3,'',8,1),(297,'2017-05-10 10:48:58.019458','47','Виставка живопису \"Прикарпатський анімаліз\"',3,'',8,1),(298,'2017-05-10 10:48:58.064215','46','Нафтогазова енергетика 2017',3,'',8,1),(299,'2017-05-10 10:48:58.097523','45','International Brokerage Event Innovation4Energy',3,'',8,1),(300,'2017-05-10 10:48:58.131442','44','Виставка живопису \"Прикарпатський анімаліз\"',3,'',8,1),(301,'2017-05-10 10:48:58.187156','43','Нафтогазова енергетика 2017',3,'',8,1),(302,'2017-05-10 10:48:58.220331','42','Кліматично - освітній тренінговий тур \"Генерація Е \"',3,'',8,1),(303,'2017-05-10 10:48:58.254037','41','Вечірка \"Playboy Night\"',3,'',8,1),(304,'2017-05-10 10:48:58.287446','40','Концерт UNPLUGGED',3,'',8,1),(305,'2017-05-10 10:48:58.320938','39','Довершення алеї сакур',3,'',8,1),(306,'2017-05-10 10:48:58.354434','38','Семінар Віктора Васильєва',3,'',8,1),(307,'2017-05-10 10:48:58.388009','37','Виставка живопису \"Прикарпатський анімаліз\"',3,'',8,1),(308,'2017-05-10 10:48:58.421414','36','Виставка декоративно-прикладного мистецтва майстрів Прикарпаття',3,'',8,1),(309,'2017-05-10 10:48:58.455112','35','Деталі',3,'',8,1),(310,'2017-05-10 10:48:58.488385','34','Dj Shnaps',3,'',8,1),(311,'2017-05-10 10:48:58.522075','33','Sinatra. Найкращі Хіти. Leoband Orchestra',3,'',8,1),(312,'2017-05-10 10:48:58.566801','32','Вистава \"Кар\'єрні ігри\"',3,'',8,1),(313,'2017-05-10 10:48:58.610923','31','Смачне читання: борошняні немовлята',3,'',8,1),(314,'2017-05-10 10:48:58.655252','30','Семінар Віктора Васильєва',3,'',8,1),(315,'2017-05-10 10:48:58.688816','29','Семінар \"Інструменти контролю за діяльністю комунальних підприємств\"',3,'',8,1),(316,'2017-05-10 10:48:58.722228','28','Виставка живопису \"Прикарпатський анімаліз\"',3,'',8,1),(317,'2017-05-10 10:48:58.766956','27','Виставка декоративно-прикладного мистецтва майстрів Прикарпаття',3,'',8,1),(318,'2017-05-10 10:48:58.811314','26','DJ Transer',3,'',8,1),(319,'2017-05-10 10:48:58.856120','25','Вечірка \"Чумачеча весна\"',3,'',8,1),(320,'2017-05-10 10:48:58.900947','24','Концерт гурту Тартак',3,'',8,1),(321,'2017-05-10 10:48:58.945324','23','Вистава \"Змішані почуття\"',3,'',8,1),(322,'2017-05-10 10:48:58.989586','22','Star Face of the Season',3,'',8,1),(323,'2017-05-10 10:48:59.034184','21','Виставка живопису \"Прикарпатський анімаліз\"',3,'',8,1),(324,'2017-05-10 10:48:59.078668','20','Виставка декоративно-прикладного мистецтва майстрів Прикарпаття',3,'',8,1),(325,'2017-05-10 10:48:59.123115','19','Виставка графіки Ольги Вязовченко',3,'',8,1),(326,'2017-05-10 10:48:59.167401','18','Вечірка \"Staff party\"',3,'',8,1),(327,'2017-05-10 10:48:59.212207','17','Складові успішного просування в Facebook ',3,'',8,1),(328,'2017-05-10 10:48:59.256771','16','Вистава \"Заробітчанки або Мамо, повернись…\"',3,'',8,1),(329,'2017-05-10 10:48:59.301489','15','Фотовиставка \"Ost-Ukraine. Donbas: 2014-2016\"',3,'',8,1),(330,'2017-05-10 10:48:59.346255','14','Виставка живопису \"Прикарпатський анімаліз\"',3,'',8,1),(331,'2017-05-10 10:48:59.390805','13','Виставка декоративно-прикладного мистецтва майстрів Прикарпаття',3,'',8,1),(332,'2017-05-10 10:48:59.435278','12','Виставка графіки Ольги Вязовченко',3,'',8,1),(333,'2017-05-10 10:48:59.479234','11','Вечірка \"Beauty Fashion Show\"',3,'',8,1),(334,'2017-05-10 10:48:59.524220','10','Концерт Олі Полякової',3,'',8,1),(335,'2017-05-10 10:48:59.568958','9','Благодійний конкурс краси \"Міс Івано-Франківськ\"',3,'',8,1),(336,'2017-05-10 10:48:59.613395','8','Футбол. \"Тепловик-Прикарпаття\" - ФК \"Калуш\"',3,'',8,1),(337,'2017-05-10 10:48:59.657849','7','Фотовиставка \"Ost-Ukraine. Donbas: 2014-2016\"',3,'',8,1),(338,'2017-05-10 10:48:59.702517','6','Виставка живопису \"Прикарпатський анімаліз\"',3,'',8,1),(339,'2017-05-10 10:48:59.747073','5','Виставка декоративно-прикладного мистецтва майстрів Прикарпаття',3,'',8,1),(340,'2017-05-10 10:48:59.791503','4','Виставка графіки Ольги Вязовченко',3,'',8,1),(341,'2017-05-10 10:48:59.836121','88','Король гори',3,'',8,1),(342,'2017-05-10 10:48:59.880408','87','BRUTTO. ТРУБЫ БУДУТ!',3,'',8,1),(343,'2017-05-10 10:48:59.925158','3','Вечірка \"Stud Imperia\"',3,'',8,1),(344,'2017-05-10 10:48:59.969512','2','Дівич-вечір по мексиканськи',3,'',8,1),(345,'2017-05-10 10:53:46.957969','96','Вечірка \"Beauty Fashion Show\"',2,'[{\"changed\": {\"fields\": [\"category\", \"description\", \"status\", \"location\", \"latitude\", \"longitude\"]}}]',8,1),(346,'2017-05-10 10:54:13.119335','95','Концерт Олі Полякової',2,'[{\"changed\": {\"fields\": [\"category\", \"description\", \"status\", \"location\", \"latitude\", \"longitude\"]}}]',8,1),(347,'2017-05-10 10:54:47.480650','94','Благодійний конкурс краси \"Міс Івано-Франківськ\"',2,'[{\"changed\": {\"fields\": [\"category\", \"description\", \"status\", \"location\", \"latitude\", \"longitude\"]}}]',8,1),(348,'2017-05-10 10:55:19.717600','93','Футбол. \"Тепловик-Прикарпаття\" - ФК \"Калуш\"',2,'[{\"changed\": {\"fields\": [\"category\", \"status\", \"location\", \"latitude\", \"longitude\"]}}]',8,1),(349,'2017-05-10 10:55:48.283004','92','Фотовиставка \"Ost-Ukraine. Donbas: 2014-2016\"',2,'[{\"changed\": {\"fields\": [\"category\", \"description\", \"status\", \"location\", \"latitude\", \"longitude\"]}}]',8,1),(350,'2017-05-10 10:56:07.896544','91','Виставка живопису \"Прикарпатський анімаліз\"',2,'[{\"changed\": {\"fields\": [\"category\", \"status\", \"location\", \"latitude\", \"longitude\"]}}]',8,1),(351,'2017-05-10 10:56:29.283964','90','Виставка декоративно-прикладного мистецтва майстрів Прикарпаття',2,'[{\"changed\": {\"fields\": [\"category\", \"status\", \"location\"]}}]',8,1),(352,'2017-05-10 10:57:59.900573','91','Виставка живопису \"Прикарпатський анімаліз\"',2,'[{\"changed\": {\"fields\": [\"location\", \"latitude\", \"longitude\"]}}]',8,1),(353,'2017-05-10 11:01:27.791450','91','Виставка живопису \"Прикарпатський анімаліз\"',2,'[{\"changed\": {\"fields\": [\"event_time\"]}}]',8,1),(354,'2017-05-10 11:01:54.246316','91','Виставка живопису \"Прикарпатський анімаліз\"',2,'[{\"changed\": {\"fields\": [\"location\", \"latitude\", \"longitude\"]}}]',8,1),(355,'2017-05-10 11:02:11.004898','92','Фотовиставка \"Ost-Ukraine. Donbas: 2014-2016\"',2,'[{\"changed\": {\"fields\": [\"event_time\"]}}]',8,1),(356,'2017-05-10 11:02:38.225572','92','Фотовиставка \"Ost-Ukraine. Donbas: 2014-2016\"',2,'[{\"changed\": {\"fields\": [\"location\", \"latitude\", \"longitude\"]}}]',8,1),(357,'2017-05-10 11:47:29.730866','178','12321 as',3,'',8,1),(358,'2017-05-10 11:47:29.821152','177','asdadfs asf as',3,'',8,1),(359,'2017-05-10 11:47:29.865398','176','+++',3,'',8,1),(360,'2017-05-10 11:47:29.955077','175','Король гори',3,'',8,1),(361,'2017-05-10 11:47:30.000088','174','BRUTTO. ТРУБЫ БУДУТ!',3,'',8,1),(362,'2017-05-10 11:47:30.044360','173','Frankivsk Half Marathon\'17',3,'',8,1),(363,'2017-05-10 11:47:30.089289','172','Концерт Макса Барских',3,'',8,1),(364,'2017-05-10 11:47:30.133413','171','Концерт Олега Винника',3,'',8,1),(365,'2017-05-10 11:47:30.178301','170','Концерт Dzidzio',3,'',8,1),(366,'2017-05-10 11:47:30.222568','169','Студія \"Квартал-95\"',3,'',8,1),(367,'2017-05-10 11:47:30.266719','168','Вистава \"Дуже проста історія\"',3,'',8,1),(368,'2017-05-10 11:47:30.311871','167','Концерт Океан Ельзи',3,'',8,1),(369,'2017-05-10 11:47:30.356342','166','Вистава \"Оскар і Рожева пані\"',3,'',8,1),(370,'2017-05-10 11:47:30.400375','165','Вистава \"За двома зайцями\"',3,'',8,1),(371,'2017-05-10 11:47:30.534640','164','Велодень 2017',3,'',8,1),(372,'2017-05-10 11:47:30.579123','163','Вистава \"Гамлет у гострому соусі\"',3,'',8,1),(373,'2017-05-10 11:47:30.623837','162','Успішне мислення у бізнесі. Теорія обмежених систем ',3,'',8,1),(374,'2017-05-10 11:47:30.684986','161','Вистава \"За дверима бажань\"',3,'',8,1),(375,'2017-05-10 11:47:30.757311','160','Симпозіум PainControl ',3,'',8,1),(376,'2017-05-10 11:47:30.851514','159','Вистава \"Убити Кароля!\"',3,'',8,1),(377,'2017-05-10 11:47:30.977506','158','Концерт \"Дизель Шоу\"',3,'',8,1),(378,'2017-05-10 11:47:31.046938','157','Благодійний концерт \"Savka-band збирає друзів\"',3,'',8,1),(379,'2017-05-10 11:47:31.080762','156','Концерт Henry No Hurry',3,'',8,1),(380,'2017-05-10 11:47:31.114446','155','Вистава \"Пристрасті ТІЛЯ\"',3,'',8,1),(381,'2017-05-10 11:47:31.147943','154','Виставка живопису \"Прикарпатський анімаліз\"',3,'',8,1),(382,'2017-05-10 11:47:31.180702','153','Open Barista Championship IF 2017',3,'',8,1),(383,'2017-05-10 11:47:31.214520','152','Вистава \"\"Готель двох світів',3,'',8,1),(384,'2017-05-10 11:47:31.248129','151','Смачне читання в долині Муммі-тролів',3,'',8,1),(385,'2017-05-10 11:47:31.280763','150','Виставка живопису \"Прикарпатський анімаліз\"',3,'',8,1),(386,'2017-05-10 11:47:31.325249','149','День Вуличної Музики ',3,'',8,1),(387,'2017-05-10 11:47:31.381483','148','Open Barista Championship IF 2017',3,'',8,1),(388,'2017-05-10 11:47:31.414486','147','It Rally 2017 IFRIT',3,'',8,1),(389,'2017-05-10 11:47:31.448054','146','Frankivsk runday run',3,'',8,1),(390,'2017-05-10 11:47:31.506828','145','Вистава \"Слава героям\"',3,'',8,1),(391,'2017-05-10 11:47:31.571237','144','Виставка живопису \"Прикарпатський анімаліз\"',3,'',8,1),(392,'2017-05-10 11:47:31.604710','143','Нафтогазова енергетика 2017',3,'',8,1),(393,'2017-05-10 11:47:31.638572','142','Концерт Ірини Федишин',3,'',8,1),(394,'2017-05-10 11:47:31.672033','141','Виставка живопису \"Прикарпатський анімаліз\"',3,'',8,1),(395,'2017-05-10 11:47:31.705227','140','Нафтогазова енергетика 2017',3,'',8,1),(396,'2017-05-10 11:47:31.739105','139','Виставка живопису \"Прикарпатський анімаліз\"',3,'',8,1),(397,'2017-05-10 11:47:31.783134','138','Нафтогазова енергетика 2017',3,'',8,1),(398,'2017-05-10 11:47:31.816762','137','Концерт Олексія Набіуліна',3,'',8,1),(399,'2017-05-10 11:47:31.850009','136','Вистава \"Енеїда\"',3,'',8,1),(400,'2017-05-10 11:47:31.883886','135','Вистава \"Красуня і чудовисько\"',3,'',8,1),(401,'2017-05-10 11:47:31.927821','134','Виставка живопису \"Прикарпатський анімаліз\"',3,'',8,1),(402,'2017-05-10 11:47:31.961513','133','Нафтогазова енергетика 2017',3,'',8,1),(403,'2017-05-10 11:47:31.994692','132','International Brokerage Event Innovation4Energy',3,'',8,1),(404,'2017-05-10 11:47:32.028033','131','Виставка живопису \"Прикарпатський анімаліз\"',3,'',8,1),(405,'2017-05-10 11:47:32.062106','130','Нафтогазова енергетика 2017',3,'',8,1),(406,'2017-05-10 11:47:32.106479','129','Кліматично - освітній тренінговий тур \"Генерація Е \"',3,'',8,1),(407,'2017-05-10 11:47:32.150914','128','Вечірка \"Playboy Night\"',3,'',8,1),(408,'2017-05-10 11:47:32.195600','127','Концерт UNPLUGGED',3,'',8,1),(409,'2017-05-10 11:47:32.240445','126','Довершення алеї сакур',3,'',8,1),(410,'2017-05-10 11:47:32.284640','125','Семінар Віктора Васильєва',3,'',8,1),(411,'2017-05-10 11:47:32.329332','124','Виставка живопису \"Прикарпатський анімаліз\"',3,'',8,1),(412,'2017-05-10 11:47:32.374176','123','Виставка декоративно-прикладного мистецтва майстрів Прикарпаття',3,'',8,1),(413,'2017-05-10 11:47:32.418525','122','Деталі',3,'',8,1),(414,'2017-05-10 11:47:32.462821','121','Dj Shnaps',3,'',8,1),(415,'2017-05-10 11:47:32.507931','120','Sinatra. Найкращі Хіти. Leoband Orchestra',3,'',8,1),(416,'2017-05-10 11:47:32.551782','119','Вистава \"Кар\'єрні ігри\"',3,'',8,1),(417,'2017-05-10 11:47:32.596373','118','Смачне читання: борошняні немовлята',3,'',8,1),(418,'2017-05-10 11:47:32.641057','117','Семінар Віктора Васильєва',3,'',8,1),(419,'2017-05-10 11:47:32.685761','116','Семінар \"Інструменти контролю за діяльністю комунальних підприємств\"',3,'',8,1),(420,'2017-05-10 11:47:32.730566','115','Виставка живопису \"Прикарпатський анімаліз\"',3,'',8,1),(421,'2017-05-10 11:47:32.775265','114','Виставка декоративно-прикладного мистецтва майстрів Прикарпаття',3,'',8,1),(422,'2017-05-10 11:47:32.819130','113','Eurovision runday',3,'',8,1),(423,'2017-05-10 11:47:32.863880','112','DJ Transer',3,'',8,1),(424,'2017-05-10 11:47:32.908013','111','Вечірка \"Чумачеча весна\"',3,'',8,1),(425,'2017-05-10 11:47:32.952350','110','Концерт гурту Тартак',3,'',8,1),(426,'2017-05-10 11:47:32.997106','109','Вистава \"Змішані почуття\"',3,'',8,1),(427,'2017-05-10 11:47:33.041758','108','Star Face of the Season',3,'',8,1),(428,'2017-05-10 11:47:33.086981','107','Виставка живопису \"Прикарпатський анімаліз\"',3,'',8,1),(429,'2017-05-10 11:47:33.131147','106','Виставка декоративно-прикладного мистецтва майстрів Прикарпаття',3,'',8,1),(430,'2017-05-10 11:47:33.175802','105','Виставка графіки Ольги Вязовченко',3,'',8,1),(431,'2017-05-10 11:47:33.221772','104','Вечірка \"Staff party\"',3,'',8,1),(432,'2017-05-10 11:47:33.266741','103','Думати як Ілон Маск',3,'',8,1),(433,'2017-05-10 11:47:33.310652','102','Складові успішного просування в Facebook ',3,'',8,1),(434,'2017-05-10 11:47:33.355842','101','Вистава \"Заробітчанки або Мамо, повернись…\"',3,'',8,1),(435,'2017-05-10 11:47:33.400540','100','Фотовиставка \"Ost-Ukraine. Donbas: 2014-2016\"',3,'',8,1),(436,'2017-05-10 11:47:33.445073','99','Виставка живопису \"Прикарпатський анімаліз\"',3,'',8,1),(437,'2017-05-10 11:47:33.489813','98','Виставка декоративно-прикладного мистецтва майстрів Прикарпаття',3,'',8,1),(438,'2017-05-10 11:47:33.534058','97','Виставка графіки Ольги Вязовченко',3,'',8,1),(439,'2017-05-10 11:47:33.578662','89','Виставка графіки Ольги Вязовченко',3,'',8,1),(440,'2017-05-10 11:47:33.623006','96','Вечірка \"Beauty Fashion Show\"',3,'',8,1),(441,'2017-05-10 11:47:33.667728','95','Концерт Олі Полякової',3,'',8,1),(442,'2017-05-10 11:47:33.711897','94','Благодійний конкурс краси \"Міс Івано-Франківськ\"',3,'',8,1),(443,'2017-05-10 11:47:33.756946','93','Футбол. \"Тепловик-Прикарпаття\" - ФК \"Калуш\"',3,'',8,1),(444,'2017-05-10 11:47:33.801371','92','Фотовиставка \"Ost-Ukraine. Donbas: 2014-2016\"',3,'',8,1),(445,'2017-05-10 11:47:33.845785','91','Виставка живопису \"Прикарпатський анімаліз\"',3,'',8,1),(446,'2017-05-10 11:47:33.890007','90','Виставка декоративно-прикладного мистецтва майстрів Прикарпаття',3,'',8,1),(447,'2017-05-10 14:51:13.370530','253','Концерт Океан Ельзи',2,'[{\"changed\": {\"fields\": [\"status\", \"event_day\", \"location_false\", \"location\", \"latitude\", \"longitude\"]}}]',8,1),(448,'2017-05-10 14:51:43.038477','253','Концерт Океан Ельзи',2,'[{\"changed\": {\"fields\": [\"category\"]}}]',8,1),(449,'2017-05-10 21:52:36.512189','1','Partners object',1,'[{\"added\": {}}]',10,1),(450,'2017-05-10 21:52:48.169202','2','Partners object',1,'[{\"added\": {}}]',10,1),(451,'2017-05-10 21:54:58.608369','2','Вася',2,'[{\"changed\": {\"fields\": [\"title\"]}}]',10,1),(452,'2017-05-10 21:55:07.565001','1','Петро',2,'[{\"changed\": {\"fields\": [\"title\"]}}]',10,1),(453,'2017-05-10 21:55:38.444105','3','Тарас',1,'[{\"added\": {}}]',10,1),(454,'2017-05-10 21:56:05.134740','4','Крутий штріх',1,'[{\"added\": {}}]',10,1),(455,'2017-05-10 21:56:51.493445','5','Штріх з Сайлент Хіла',1,'[{\"added\": {}}]',10,1),(456,'2017-05-10 22:40:54.565241','6','Васток',1,'[{\"added\": {}}]',10,1),(457,'2017-05-10 22:41:32.889448','6','Васток',3,'',10,1),(458,'2017-05-10 22:41:49.861369','5','Штріх з Сайлент Хіла',3,'',10,1),(459,'2017-05-10 22:42:48.474832','7','1',1,'[{\"added\": {}}]',10,1),(460,'2017-05-10 22:43:32.144807','8','2',1,'[{\"added\": {}}]',10,1),(461,'2017-05-10 22:44:48.369751','8','2',3,'',10,1),(462,'2017-05-10 22:44:56.292642','1','Петро',2,'[{\"changed\": {\"fields\": [\"photo\"]}}]',10,1),(463,'2017-05-11 12:32:14.202343','298','Курси нянь «Добра няня»',2,'[{\"changed\": {\"fields\": [\"category\", \"description\", \"status\", \"location_false\", \"location\"]}}]',8,1),(464,'2017-05-11 12:32:32.909953','298','Курси нянь «Добра няня»',2,'[{\"changed\": {\"fields\": [\"location\", \"latitude\", \"longitude\"]}}]',8,1),(465,'2017-05-11 13:00:44.382192','286','Вистава «Заробітчанки або Мамо, повернись…»',3,'',8,1),(466,'2017-05-11 13:00:44.444410','281','Виставка декоративно-прикладного мистецтва «Гомін карпат»',3,'',8,1),(467,'2017-05-11 13:00:44.477756','278','Виставка живопису Ольги Грушко та Володимира Шияна «Своє-рідне»',3,'',8,1),(468,'2017-05-11 13:00:44.511461','271','Вистава «Заробітчанки або Мамо, повернись…»',3,'',8,1),(469,'2017-05-11 13:00:44.544766','267','Виставка декоративно-прикладного мистецтва «Гомін карпат»',3,'',8,1),(470,'2017-05-11 13:00:44.578316','264','Виставка живопису Ольги Грушко та Володимира Шияна «Своє-рідне»',3,'',8,1),(471,'2017-05-11 19:07:33.244574','342','Концерт Олексія Набіуліна',2,'[{\"changed\": {\"fields\": [\"description\", \"event_day\", \"event_time\", \"location_false\", \"location\"]}}]',8,1),(472,'2017-05-11 19:25:01.734609','342','Концерт Олексія Набіуліна',2,'[{\"changed\": {\"fields\": [\"category\", \"description\", \"status\"]}}]',8,1),(473,'2017-05-11 19:26:41.999361','342','Концерт Олексія Набіуліна',2,'[{\"changed\": {\"fields\": [\"location\", \"latitude\", \"longitude\"]}}]',8,1),(474,'2017-05-11 19:28:55.527148','342','Концерт Олексія Набіуліна',2,'[{\"changed\": {\"fields\": [\"ticket\"]}}]',8,1),(475,'2017-05-11 20:19:53.205951','258','Концерт Макса Барских',2,'[{\"changed\": {\"fields\": [\"category\", \"location_false\", \"location\"]}}]',8,1),(476,'2017-05-11 21:02:21.635973','258','Концерт Макса Барских',2,'[{\"changed\": {\"fields\": [\"status\", \"location\", \"latitude\", \"longitude\"]}}]',8,1),(477,'2017-05-11 21:02:37.680063','258','Концерт Макса Барских',2,'[{\"changed\": {\"fields\": [\"event_day\"]}}]',8,1),(478,'2017-05-11 21:02:56.926046','258','Концерт Макса Барских',2,'[{\"changed\": {\"fields\": [\"category\"]}}]',8,1),(479,'2017-05-11 23:41:42.824916','299','Курси нянь «Добра няня»',3,'',8,1),(480,'2017-05-11 23:41:42.915540','287','Вистава «Змішані почуття»',3,'',8,1),(481,'2017-05-11 23:41:42.960026','282','Виставка декоративно-прикладного мистецтва «Гомін карпат»',3,'',8,1),(482,'2017-05-11 23:41:43.004426','279','Виставка живопису Ольги Грушко та Володимира Шияна «Своє-рідне»',3,'',8,1),(483,'2017-05-11 23:41:43.049166','272','Вистава «Змішані почуття»',3,'',8,1),(484,'2017-05-11 23:41:43.096029','268','Виставка декоративно-прикладного мистецтва «Гомін карпат»',3,'',8,1),(485,'2017-05-11 23:41:43.137864','265','Виставка живопису Ольги Грушко та Володимира Шияна «Своє-рідне»',3,'',8,1),(486,'2017-05-11 23:50:18.332588','198','DJ Transer',3,'',8,1),(487,'2017-05-11 23:50:18.430431','197','Вечірка \"Чумачеча весна\"',3,'',8,1),(488,'2017-05-11 23:50:18.463535','196','Концерт гурту Тартак',3,'',8,1),(489,'2017-05-11 23:50:18.496933','195','Вистава \"Змішані почуття\"',3,'',8,1),(490,'2017-05-11 23:50:18.530576','194','Star Face of the Season',3,'',8,1),(491,'2017-05-11 23:50:18.675437','193','Виставка живопису \"Прикарпатський анімаліз\"',3,'',8,1),(492,'2017-05-11 23:50:18.719928','192','Виставка декоративно-прикладного мистецтва майстрів Прикарпаття',3,'',8,1),(493,'2017-05-11 23:50:18.753139','191','Виставка графіки Ольги Вязовченко',3,'',8,1),(494,'2017-05-11 23:50:18.787120','258','Концерт Макса Барских',3,'',8,1),(495,'2017-05-11 23:51:38.942483','352','Курси нянь «Добра няня»',2,'[{\"changed\": {\"fields\": [\"category\", \"description\", \"status\", \"location_false\", \"location\", \"vk_href\", \"fb_href\"]}}]',8,1),(496,'2017-05-11 23:52:36.087889','352','Курси нянь «Добра няня»',2,'[{\"changed\": {\"fields\": [\"location\", \"latitude\", \"longitude\"]}}]',8,1),(497,'2017-05-15 09:18:35.218264','253','Концерт Океан Ельзи',2,'[{\"changed\": {\"fields\": [\"event_day\"]}}]',8,1),(498,'2017-05-15 10:48:09.025397','342','Концерт Олексія Набіуліна',2,'[{\"changed\": {\"fields\": [\"slug\"]}}]',8,1),(499,'2017-05-15 12:30:11.740795','342','Концерт Олексія Набіуліна',2,'[{\"changed\": {\"fields\": [\"event_day\"]}}]',8,1),(500,'2017-05-15 12:55:59.719575','353','Концерт Олексія Набіуліна',2,'[{\"changed\": {\"fields\": [\"description\", \"status\", \"location_false\", \"location\", \"latitude\", \"longitude\"]}}]',8,1),(501,'2017-05-15 12:56:28.021997','303','Курси нянь «Добра няня»',2,'[{\"changed\": {\"fields\": [\"category\", \"description\", \"status\", \"location_false\", \"location\", \"latitude\", \"longitude\"]}}]',8,1),(502,'2017-05-15 12:57:04.455678','296','Вистава «Енеїда»',2,'[{\"changed\": {\"fields\": [\"category\", \"description\", \"status\", \"location_false\", \"location\", \"latitude\", \"longitude\"]}}]',8,1),(503,'2017-05-15 12:57:28.920922','295','Вистава «Красуня і чудовисько»',2,'[{\"changed\": {\"fields\": [\"category\", \"description\", \"status\", \"location_false\", \"location\", \"latitude\", \"longitude\"]}}]',8,1),(504,'2017-05-15 12:57:57.851083','223','Концерт Олексія Набіуліна',2,'[{\"changed\": {\"fields\": [\"category\", \"status\", \"location_false\", \"location\", \"latitude\", \"longitude\"]}}]',8,1),(505,'2017-05-15 12:58:10.697415','222','Вистава \"Енеїда\"',2,'[{\"changed\": {\"fields\": [\"category\", \"description\", \"location_false\", \"location\", \"latitude\", \"longitude\"]}}]',8,1),(506,'2017-05-15 12:58:25.595454','221','Вистава \"Красуня і чудовисько\"',2,'[{\"changed\": {\"fields\": [\"category\", \"status\", \"location_false\", \"location\", \"latitude\", \"longitude\"]}}]',8,1),(507,'2017-05-15 12:58:39.848359','220','Виставка живопису \"Прикарпатський анімаліз\"',2,'[{\"changed\": {\"fields\": [\"category\", \"status\", \"location_false\", \"location\", \"latitude\", \"longitude\"]}}]',8,1),(508,'2017-05-15 12:58:57.155158','219','Нафтогазова енергетика 2017',2,'[{\"changed\": {\"fields\": [\"location_false\", \"location\", \"latitude\", \"longitude\"]}}]',8,1),(509,'2017-05-15 12:59:14.197911','218','International Brokerage Event Innovation4Energy',2,'[{\"changed\": {\"fields\": [\"description\", \"location_false\", \"location\", \"latitude\", \"longitude\"]}}]',8,1),(510,'2017-05-15 13:08:19.235591','298','Курси нянь «Добра няня»',3,'',8,1),(511,'2017-05-15 13:08:19.322127','352','Курси нянь «Добра няня»',3,'',8,1),(512,'2017-05-15 13:29:33.030372','344','qwer sdgsdfg hgkhj sdfg',3,'',8,1),(513,'2017-05-15 13:29:33.142083','343','qwer sdgsdfg hgkhj sdfg',3,'',8,1),(514,'2017-05-15 13:29:33.175463','374','Візика і Хімія',3,'',8,1),(515,'2017-05-15 13:29:33.242895','373','Тарас Шевченко',3,'',8,1),(516,'2017-05-15 13:29:33.275976','372','Село і Люди',3,'',8,1),(517,'2017-05-15 13:29:33.309802','371','фвіпавпва',3,'',8,1),(518,'2017-05-15 13:29:33.364964','370','фвіпавпва',3,'',8,1),(519,'2017-05-15 13:29:33.398307','369','йцук',3,'',8,1),(520,'2017-05-15 13:29:33.453911','368','йцук',3,'',8,1),(521,'2017-05-15 13:30:22.103430','353','Концерт Олексія Набіуліна',2,'[{\"changed\": {\"fields\": [\"category\"]}}]',8,1),(522,'2017-05-15 13:33:14.384055','274','Вистава «Пристрасті тілЯ». ПРЕМ’ЄРА!',3,'',8,1),(523,'2017-05-15 13:33:14.469034','275','Вистава «Пристрасті тілЯ». ПРЕМ’ЄРА!',3,'',8,1),(524,'2017-05-15 13:33:14.513866','294','Вистава «Красуня і чудовисько»',3,'',8,1),(525,'2017-05-15 13:33:14.569491','297','Курси нянь «Добра няня»',3,'',8,1),(526,'2017-05-15 13:33:14.613592','285','Оля Полякова з програмою «Я люблю вас»',3,'',8,1),(527,'2017-05-15 13:33:14.658354','280','Виставка декоративно-прикладного мистецтва «Гомін карпат»',3,'',8,1),(528,'2017-05-15 13:33:14.703203','277','Виставка живопису Ольги Грушко та Володимира Шияна «Своє-рідне»',3,'',8,1),(529,'2017-05-15 13:33:14.748038','266','Виставка декоративно-прикладного мистецтва «Гомін карпат»',3,'',8,1),(530,'2017-05-15 13:33:14.791870','263','Виставка живопису Ольги Грушко та Володимира Шияна «Своє-рідне»',3,'',8,1),(531,'2017-05-15 13:33:14.869498','262','Оля Полякова з програмою «Я люблю вас»',3,'',8,1),(532,'2017-05-15 13:33:14.914081','182','Вечірка \"Beauty Fashion Show\"',3,'',8,1),(533,'2017-05-15 13:33:15.003037','181','Концерт Олі Полякової',3,'',8,1),(534,'2017-05-15 13:33:15.069820','180','Благодійний конкурс краси \"Міс Івано-Франківськ\"',3,'',8,1),(535,'2017-05-15 13:33:15.237080','179','Футбол. \"Тепловик-Прикарпаття\" - ФК \"Калуш\"',3,'',8,1),(536,'2017-05-15 13:33:15.281705','190','Вечірка \"Staff party\"',3,'',8,1),(537,'2017-05-15 13:33:15.326011','189','Думати як Ілон Маск',3,'',8,1),(538,'2017-05-15 13:33:15.370739','188','Складові успішного просування в Facebook ',3,'',8,1),(539,'2017-05-15 13:33:15.434329','187','Вистава \"Заробітчанки або Мамо, повернись…\"',3,'',8,1),(540,'2017-05-15 13:33:15.484037','186','Фотовиставка \"Ost-Ukraine. Donbas: 2014-2016\"',3,'',8,1),(541,'2017-05-15 13:33:15.562049','185','Виставка живопису \"Прикарпатський анімаліз\"',3,'',8,1),(542,'2017-05-15 13:33:15.628742','184','Виставка декоративно-прикладного мистецтва майстрів Прикарпаття',3,'',8,1),(543,'2017-05-15 13:33:15.673177','183','Виставка графіки Ольги Вязовченко',3,'',8,1),(544,'2017-05-15 13:33:15.718017','347','Вистава «Заробітчанки або Мамо, повернись…»',3,'',8,1),(545,'2017-05-15 13:33:15.817781','346','Виставка декоративно-прикладного мистецтва «Гомін карпат»',3,'',8,1),(546,'2017-05-15 13:33:15.862363','345','Виставка живопису Ольги Грушко та Володимира Шияна «Своє-рідне»',3,'',8,1),(547,'2017-05-15 13:33:15.895554','362','DJ Transer',3,'',8,1),(548,'2017-05-15 13:33:15.929299','361','Вечірка \"Чумачеча весна\"',3,'',8,1),(549,'2017-05-15 13:33:15.963050','360','Концерт гурту Тартак',3,'',8,1),(550,'2017-05-15 13:33:15.995969','359','Вистава \"Змішані почуття\"',3,'',8,1),(551,'2017-05-15 13:33:16.029282','358','Star Face of the Season',3,'',8,1),(552,'2017-05-15 13:33:16.062730','357','Виставка живопису \"Прикарпатський анімаліз\"',3,'',8,1),(553,'2017-05-15 13:33:16.096327','356','Виставка декоративно-прикладного мистецтва майстрів Прикарпаття',3,'',8,1),(554,'2017-05-15 13:33:16.129716','355','Виставка графіки Ольги Вязовченко',3,'',8,1),(555,'2017-05-15 13:33:16.197033','351','Вистава «Змішані почуття»',3,'',8,1),(556,'2017-05-15 13:33:16.230066','350','Виставка декоративно-прикладного мистецтва «Гомін карпат»',3,'',8,1),(557,'2017-05-15 13:33:16.263491','349','Виставка живопису Ольги Грушко та Володимира Шияна «Своє-рідне»',3,'',8,1),(558,'2017-05-15 13:33:16.341149','300','Курси нянь «Добра няня»',3,'',8,1),(559,'2017-05-15 13:33:16.374799','293','Вечірка «Деталі»',3,'',8,1),(560,'2017-05-15 13:33:16.407955','292','Концерт «Sinatra. Найкращі Хіти»',3,'',8,1),(561,'2017-05-15 13:33:16.441632','289','Вистава «По гриби»',3,'',8,1),(562,'2017-05-15 13:33:16.519500','288','Вистава «Кар’єрні ігри»',3,'',8,1),(563,'2017-05-15 13:33:16.553029','283','Виставка декоративно-прикладного мистецтва «Гомін карпат»',3,'',8,1),(564,'2017-05-15 13:33:16.586280','273','Вистава «Кар’єрні ігри»',3,'',8,1),(565,'2017-05-15 13:33:16.664070','269','Виставка декоративно-прикладного мистецтва «Гомін карпат»',3,'',8,1),(566,'2017-05-15 13:33:16.697521','208','Деталі',3,'',8,1),(567,'2017-05-15 13:33:16.753271','207','Dj Shnaps',3,'',8,1),(568,'2017-05-15 13:33:16.786699','206','Sinatra. Найкращі Хіти. Leoband Orchestra',3,'',8,1),(569,'2017-05-15 13:33:16.820235','205','Вистава \"Кар\'єрні ігри\"',3,'',8,1),(570,'2017-05-15 13:33:16.876214','204','Смачне читання: борошняні немовлята',3,'',8,1),(571,'2017-05-15 13:33:16.909564','203','Семінар Віктора Васильєва',3,'',8,1),(572,'2017-05-15 13:33:16.942781','202','Семінар \"Інструменти контролю за діяльністю комунальних підприємств\"',3,'',8,1),(573,'2017-05-15 13:33:16.976506','201','Виставка живопису \"Прикарпатський анімаліз\"',3,'',8,1),(574,'2017-05-15 13:33:17.009869','200','Виставка декоративно-прикладного мистецтва майстрів Прикарпаття',3,'',8,1),(575,'2017-05-15 13:33:17.088069','199','Eurovision runday',3,'',8,1),(576,'2017-05-15 13:33:17.120999','301','Курси нянь «Добра няня»',3,'',8,1),(577,'2017-05-15 13:33:17.154469','291','Вистава «По гриби»',3,'',8,1),(578,'2017-05-15 13:33:17.187884','290','Вистава «По гриби»',3,'',8,1),(579,'2017-05-15 13:33:17.221336','284','Виставка декоративно-прикладного мистецтва «Гомін карпат»',3,'',8,1),(580,'2017-05-15 13:33:17.299201','270','Виставка декоративно-прикладного мистецтва «Гомін карпат»',3,'',8,1),(581,'2017-05-15 13:33:17.333277','215','Кліматично - освітній тренінговий тур \"Генерація Е \"',3,'',8,1),(582,'2017-05-15 13:33:17.366217','214','Вечірка \"Playboy Night\"',3,'',8,1),(583,'2017-05-15 13:33:17.399684','213','Концерт UNPLUGGED',3,'',8,1),(584,'2017-05-15 13:33:17.433088','212','Довершення алеї сакур',3,'',8,1),(585,'2017-05-15 13:33:17.467001','211','Семінар Віктора Васильєва',3,'',8,1),(586,'2017-05-15 13:33:17.511259','210','Виставка живопису \"Прикарпатський анімаліз\"',3,'',8,1),(587,'2017-05-15 13:33:17.589213','209','Виставка декоративно-прикладного мистецтва майстрів Прикарпаття',3,'',8,1),(588,'2017-05-15 13:33:17.622405','363','Сніданок з Наталією Чуловською',3,'',8,1),(589,'2017-05-15 13:35:25.235713','302','Курси нянь «Добра няня»',2,'[{\"changed\": {\"fields\": [\"category\", \"description\", \"status\", \"location_false\", \"location\", \"latitude\", \"longitude\"]}}]',8,1),(590,'2017-05-15 13:35:50.122895','216','Нафтогазова енергетика 2017',2,'[{\"changed\": {\"fields\": [\"category\", \"status\", \"location_false\", \"location\", \"latitude\", \"longitude\"]}}]',8,1),(591,'2017-05-15 13:36:09.898957','217','Виставка живопису \"Прикарпатський анімаліз\"',2,'[{\"changed\": {\"fields\": [\"category\", \"status\", \"location_false\", \"location\", \"latitude\", \"longitude\"]}}]',8,1),(592,'2017-05-15 13:37:28.149631','217','Виставка живопису \"Прикарпатський анімаліз\"',2,'[{\"changed\": {\"fields\": [\"event_time\"]}}]',8,1),(593,'2017-05-15 13:37:45.689216','216','Нафтогазова енергетика 2017',2,'[{\"changed\": {\"fields\": [\"event_time\"]}}]',8,1),(594,'2017-05-15 14:34:25.459964','304','Курси нянь «Добра няня»',2,'[{\"changed\": {\"fields\": [\"description\", \"location_false\", \"location\", \"latitude\", \"longitude\"]}}]',8,1),(595,'2017-05-15 14:34:46.161176','225','Виставка живопису \"Прикарпатський анімаліз\"',2,'[{\"changed\": {\"fields\": [\"category\", \"status\", \"location_false\", \"location\", \"latitude\", \"longitude\"]}}]',8,1),(596,'2017-05-15 14:35:16.273873','224','Нафтогазова енергетика 2017',2,'[{\"changed\": {\"fields\": [\"category\", \"status\", \"location_false\", \"location\", \"latitude\", \"longitude\"]}}]',8,1);
/*!40000 ALTER TABLE `django_admin_log` ENABLE KEYS */;
UNLOCK TABLES;

--
-- Table structure for table `django_content_type`
--

DROP TABLE IF EXISTS `django_content_type`;
/*!40101 SET @saved_cs_client     = @@character_set_client */;
/*!40101 SET character_set_client = utf8 */;
CREATE TABLE `django_content_type` (
  `id` int(11) NOT NULL AUTO_INCREMENT,
  `app_label` varchar(100) NOT NULL,
  `model` varchar(100) NOT NULL,
  PRIMARY KEY (`id`),
  UNIQUE KEY `django_content_type_app_label_76bd3d3b_uniq` (`app_label`,`model`)
) ENGINE=InnoDB AUTO_INCREMENT=11 DEFAULT CHARSET=utf8;
/*!40101 SET character_set_client = @saved_cs_client */;

--
-- Dumping data for table `django_content_type`
--

LOCK TABLES `django_content_type` WRITE;
/*!40000 ALTER TABLE `django_content_type` DISABLE KEYS */;
INSERT INTO `django_content_type` VALUES (1,'admin','logentry'),(4,'auth','group'),(2,'auth','permission'),(3,'auth','user'),(5,'contenttypes','contenttype'),(8,'core','event'),(7,'core','gategories'),(10,'core','partners'),(6,'sessions','session'),(9,'thumbnail','kvstore');
/*!40000 ALTER TABLE `django_content_type` ENABLE KEYS */;
UNLOCK TABLES;

--
-- Table structure for table `django_migrations`
--

DROP TABLE IF EXISTS `django_migrations`;
/*!40101 SET @saved_cs_client     = @@character_set_client */;
/*!40101 SET character_set_client = utf8 */;
CREATE TABLE `django_migrations` (
  `id` int(11) NOT NULL AUTO_INCREMENT,
  `app` varchar(255) NOT NULL,
  `name` varchar(255) NOT NULL,
  `applied` datetime(6) NOT NULL,
  PRIMARY KEY (`id`)
) ENGINE=InnoDB AUTO_INCREMENT=36 DEFAULT CHARSET=utf8;
/*!40101 SET character_set_client = @saved_cs_client */;

--
-- Dumping data for table `django_migrations`
--

LOCK TABLES `django_migrations` WRITE;
/*!40000 ALTER TABLE `django_migrations` DISABLE KEYS */;
INSERT INTO `django_migrations` VALUES (1,'contenttypes','0001_initial','2017-05-09 14:55:26.059644'),(2,'auth','0001_initial','2017-05-09 14:55:37.547007'),(3,'admin','0001_initial','2017-05-09 14:55:40.257687'),(4,'admin','0002_logentry_remove_auto_add','2017-05-09 14:55:40.428797'),(5,'contenttypes','0002_remove_content_type_name','2017-05-09 14:55:41.835156'),(6,'auth','0002_alter_permission_name_max_length','2017-05-09 14:55:42.681504'),(7,'auth','0003_alter_user_email_max_length','2017-05-09 14:55:43.729614'),(8,'auth','0004_alter_user_username_opts','2017-05-09 14:55:43.793078'),(9,'auth','0005_alter_user_last_login_null','2017-05-09 14:55:44.595702'),(10,'auth','0006_require_contenttypes_0002','2017-05-09 14:55:44.643653'),(11,'auth','0007_alter_validators_add_error_messages','2017-05-09 14:55:44.728379'),(12,'auth','0008_alter_user_username_max_length','2017-05-09 14:55:45.640295'),(13,'core','0001_initial','2017-05-09 14:55:52.957291'),(14,'core','0002_remove_event_email','2017-05-09 14:55:53.804087'),(15,'core','0003_auto_20170507_2131','2017-05-09 14:55:55.460484'),(16,'core','0004_auto_20170507_2328','2017-05-09 14:55:55.592153'),(17,'core','0005_remove_event_event_time','2017-05-09 14:55:56.584211'),(18,'core','0006_event_event_time','2017-05-09 14:55:57.481778'),(19,'core','0007_auto_20170508_0437','2017-05-09 14:55:57.540652'),(20,'core','0008_auto_20170508_0449','2017-05-09 14:55:57.589275'),(21,'core','0009_gategories_icon','2017-05-09 14:55:58.410429'),(22,'core','0010_auto_20170508_1840','2017-05-09 14:56:00.317492'),(23,'core','0011_event_source_href','2017-05-09 14:56:01.052763'),(24,'sessions','0001_initial','2017-05-09 14:56:01.725243'),(25,'thumbnail','0001_initial','2017-05-09 14:56:02.141123'),(26,'core','0012_auto_20170510_1428','2017-05-10 11:28:57.463737'),(27,'core','0013_event_location_false','2017-05-10 11:30:30.759651'),(28,'core','0014_auto_20170510_1431','2017-05-10 11:31:15.232817'),(29,'core','0015_partners','2017-05-10 21:49:05.449460'),(30,'core','0016_auto_20170511_0050','2017-05-10 21:51:05.964983'),(31,'core','0017_auto_20170511_0051','2017-05-10 21:51:37.777719'),(32,'core','0018_partners_title','2017-05-10 21:54:08.247633'),(33,'core','0019_auto_20170511_0054','2017-05-10 21:54:44.644145'),(34,'core','0020_auto_20170511_1826','2017-05-11 15:27:00.713771'),(35,'core','0021_auto_20170512_0240','2017-05-11 23:40:36.189568');
/*!40000 ALTER TABLE `django_migrations` ENABLE KEYS */;
UNLOCK TABLES;

--
-- Table structure for table `django_session`
--

DROP TABLE IF EXISTS `django_session`;
/*!40101 SET @saved_cs_client     = @@character_set_client */;
/*!40101 SET character_set_client = utf8 */;
CREATE TABLE `django_session` (
  `session_key` varchar(40) NOT NULL,
  `session_data` longtext NOT NULL,
  `expire_date` datetime(6) NOT NULL,
  PRIMARY KEY (`session_key`),
  KEY `django_session_de54fa62` (`expire_date`)
) ENGINE=InnoDB DEFAULT CHARSET=utf8;
/*!40101 SET character_set_client = @saved_cs_client */;

--
-- Dumping data for table `django_session`
--

LOCK TABLES `django_session` WRITE;
/*!40000 ALTER TABLE `django_session` DISABLE KEYS */;
INSERT INTO `django_session` VALUES ('1e751728mqdjil0g8vuecd4z2xliqjch','MzcxNzBhZTdjOWEyNTA3NzZmMDc4MzQ5Mzg5OTYxN2E2NGNkY2ZjNTp7Il9hdXRoX3VzZXJfaGFzaCI6IjQ4MGJmODg4MWM4MTQ3NzZmNWI0NWVkYjQ4ZmRkNjUwZWE2NDVjN2UiLCJfYXV0aF91c2VyX2JhY2tlbmQiOiJkamFuZ28uY29udHJpYi5hdXRoLmJhY2tlbmRzLk1vZGVsQmFja2VuZCIsIl9hdXRoX3VzZXJfaWQiOiIxIn0=','2017-05-24 21:50:05.824566'),('6h4in1z2cd38nfwqj4xydvtrb4hnhid6','MzcxNzBhZTdjOWEyNTA3NzZmMDc4MzQ5Mzg5OTYxN2E2NGNkY2ZjNTp7Il9hdXRoX3VzZXJfaGFzaCI6IjQ4MGJmODg4MWM4MTQ3NzZmNWI0NWVkYjQ4ZmRkNjUwZWE2NDVjN2UiLCJfYXV0aF91c2VyX2JhY2tlbmQiOiJkamFuZ28uY29udHJpYi5hdXRoLmJhY2tlbmRzLk1vZGVsQmFja2VuZCIsIl9hdXRoX3VzZXJfaWQiOiIxIn0=','2017-05-21 19:16:14.977000'),('ewz1dtxq4iebd2idnyqxrmo8ltprcbcw','MzcxNzBhZTdjOWEyNTA3NzZmMDc4MzQ5Mzg5OTYxN2E2NGNkY2ZjNTp7Il9hdXRoX3VzZXJfaGFzaCI6IjQ4MGJmODg4MWM4MTQ3NzZmNWI0NWVkYjQ4ZmRkNjUwZWE2NDVjN2UiLCJfYXV0aF91c2VyX2JhY2tlbmQiOiJkamFuZ28uY29udHJpYi5hdXRoLmJhY2tlbmRzLk1vZGVsQmFja2VuZCIsIl9hdXRoX3VzZXJfaWQiOiIxIn0=','2017-03-25 13:51:15.808000'),('h8rakqo5yjf0v4bqif7tzj4dj0ck4lf5','MzcxNzBhZTdjOWEyNTA3NzZmMDc4MzQ5Mzg5OTYxN2E2NGNkY2ZjNTp7Il9hdXRoX3VzZXJfaGFzaCI6IjQ4MGJmODg4MWM4MTQ3NzZmNWI0NWVkYjQ4ZmRkNjUwZWE2NDVjN2UiLCJfYXV0aF91c2VyX2JhY2tlbmQiOiJkamFuZ28uY29udHJpYi5hdXRoLmJhY2tlbmRzLk1vZGVsQmFja2VuZCIsIl9hdXRoX3VzZXJfaWQiOiIxIn0=','2017-05-16 23:05:57.318000'),('nzs8jjdq5kvhklp0v8vgutxymfybe83q','MzcxNzBhZTdjOWEyNTA3NzZmMDc4MzQ5Mzg5OTYxN2E2NGNkY2ZjNTp7Il9hdXRoX3VzZXJfaGFzaCI6IjQ4MGJmODg4MWM4MTQ3NzZmNWI0NWVkYjQ4ZmRkNjUwZWE2NDVjN2UiLCJfYXV0aF91c2VyX2JhY2tlbmQiOiJkamFuZ28uY29udHJpYi5hdXRoLmJhY2tlbmRzLk1vZGVsQmFja2VuZCIsIl9hdXRoX3VzZXJfaWQiOiIxIn0=','2017-05-25 12:58:09.333311');
/*!40000 ALTER TABLE `django_session` ENABLE KEYS */;
UNLOCK TABLES;

--
-- Table structure for table `thumbnail_kvstore`
--

DROP TABLE IF EXISTS `thumbnail_kvstore`;
/*!40101 SET @saved_cs_client     = @@character_set_client */;
/*!40101 SET character_set_client = utf8 */;
CREATE TABLE `thumbnail_kvstore` (
  `key` varchar(200) NOT NULL,
  `value` longtext NOT NULL,
  PRIMARY KEY (`key`)
) ENGINE=InnoDB DEFAULT CHARSET=utf8;
/*!40101 SET character_set_client = @saved_cs_client */;

--
-- Dumping data for table `thumbnail_kvstore`
--

LOCK TABLES `thumbnail_kvstore` WRITE;
/*!40000 ALTER TABLE `thumbnail_kvstore` DISABLE KEYS */;
INSERT INTO `thumbnail_kvstore` VALUES ('sorl-thumbnail||image||05e250af0b6069a6e5b0b57ed75aa6ea','{\"storage\": \"django.core.files.storage.FileSystemStorage\", \"name\": \"cache/1d/cb/1dcba1b2adf9e86dc02033a1741975cf.jpg\", \"size\": [347, 347]}'),('sorl-thumbnail||image||071bb207d5bb052aad3ccf437c91d31b','{\"storage\": \"django.core.files.storage.FileSystemStorage\", \"name\": \"cache/6e/7c/6e7c2e248642301e656efa8082a54e59.jpg\", \"size\": [370, 383]}'),('sorl-thumbnail||image||0928a9b38d4ed27b31997c81a340c1d7','{\"storage\": \"django.core.files.storage.FileSystemStorage\", \"name\": \"72503599.jpg\", \"size\": [1024, 768]}'),('sorl-thumbnail||image||0a373e04d214053941764cc126eb5116','{\"storage\": \"django.core.files.storage.FileSystemStorage\", \"name\": \"cache/3e/0c/3e0c58559df1dd37af7c2c0ad38083e8.jpg\", \"size\": [370, 383]}'),('sorl-thumbnail||image||0c994663badb626b71b0208eff9e7ea7','{\"storage\": \"django.core.files.storage.FileSystemStorage\", \"name\": \"5909ebb8653fb577ca8772b3.jpg\", \"size\": [680, 960]}'),('sorl-thumbnail||image||0d1018d71e091727050e4604138baab0','{\"storage\": \"django.core.files.storage.FileSystemStorage\", \"name\": \"cache/bb/25/bb25cdfd454b5ecdff29ccf731c17393.jpg\", \"size\": [140, 100]}'),('sorl-thumbnail||image||0eaa0dba3556d59c39a789ffc97d7779','{\"storage\": \"django.core.files.storage.FileSystemStorage\", \"name\": \"5908b8e4b226746d0955ae65.jpg\", \"size\": [1450, 2048]}'),('sorl-thumbnail||image||11b31ab7b26a95d14e4b908252d41188','{\"storage\": \"django.core.files.storage.FileSystemStorage\", \"name\": \"cache/12/48/12481599e15db05aef2457d86cf85dfb.jpg\", \"size\": [370, 383]}'),('sorl-thumbnail||image||1396c07ded1d1244aca037a4b2ea448a','{\"storage\": \"django.core.files.storage.FileSystemStorage\", \"name\": \"None/MTIuMDcuMjAxMy0xMjo1Nzc4MTMz3628.jpg\", \"size\": [676, 364]}'),('sorl-thumbnail||image||15676210fbd1d79dfc3db3298cec179d','{\"storage\": \"django.core.files.storage.FileSystemStorage\", \"name\": \"cache/a5/db/a5db0cff93560396df20365645538e9e.jpg\", \"size\": [347, 347]}'),('sorl-thumbnail||image||1dd6490372f50f23408ffd9622f844f3','{\"storage\": \"django.core.files.storage.FileSystemStorage\", \"name\": \"5910b0b002b3086280338b69.jpg\", \"size\": [1000, 1415]}'),('sorl-thumbnail||image||20708ae7a1dff5dd128f6e94b9f1170c','{\"storage\": \"django.core.files.storage.FileSystemStorage\", \"name\": \"cache/ac/d7/acd7f705a82ec713222edf74fbf126d3.jpg\", \"size\": [370, 383]}'),('sorl-thumbnail||image||21261ef0e4990470e4647295fc608b90','{\"storage\": \"django.core.files.storage.FileSystemStorage\", \"name\": \"partner-1.png\", \"size\": [1584, 616]}'),('sorl-thumbnail||image||2128c61fe22b9b58d22ddb38d16797ff','{\"storage\": \"django.core.files.storage.FileSystemStorage\", \"name\": \"cache/f1/06/f10694941434409118c918c964b2604c.jpg\", \"size\": [140, 100]}'),('sorl-thumbnail||image||21b8ca77faf5ca6eda891620269d929e','{\"storage\": \"django.core.files.storage.FileSystemStorage\", \"name\": \"fran_ratusha3.jpg\", \"size\": [800, 600]}'),('sorl-thumbnail||image||2551db6e35a73282059ec592a3116c61','{\"storage\": \"django.core.files.storage.FileSystemStorage\", \"name\": \"cache/ae/fa/aefa9b7c09a4cf3d0939e7f752df9781.jpg\", \"size\": [370, 383]}'),('sorl-thumbnail||image||26a316ce6a22b22e651f18980c876e84','{\"storage\": \"django.core.files.storage.FileSystemStorage\", \"name\": \"sheva.jpg\", \"size\": [1284, 1944]}'),('sorl-thumbnail||image||28240b9c5db472ce7ed3784db7771a77','{\"storage\": \"django.core.files.storage.FileSystemStorage\", \"name\": \"cache/d2/ee/d2ee87aeb5f9ba1b98bf1fbb3d3ebbc2.jpg\", \"size\": [140, 100]}'),('sorl-thumbnail||image||2bab850ad9dcba1f8443e685926bef61','{\"storage\": \"django.core.files.storage.FileSystemStorage\", \"name\": \"cache/0c/d0/0cd0802e1ff159d47796a5e130638d04.jpg\", \"size\": [370, 383]}'),('sorl-thumbnail||image||2bdbe38c6ff21b595bf13ce7ba0e3c0c','{\"storage\": \"django.core.files.storage.FileSystemStorage\", \"name\": \"NMZ-_uh4CaM.jpg\", \"size\": [500, 707]}'),('sorl-thumbnail||image||2cb5774b3a6190e153475778162d3c69','{\"storage\": \"django.core.files.storage.FileSystemStorage\", \"name\": \"cache/e3/6b/e36b5a48b0b4b0ae1fe7ca00e1e86f2b.jpg\", \"size\": [347, 347]}'),('sorl-thumbnail||image||34ff8b780537b7a41af0b1eb9d18f41f','{\"storage\": \"django.core.files.storage.FileSystemStorage\", \"name\": \"cache/04/a7/04a741843fa8cdc3bf9267c948c24952.jpg\", \"size\": [370, 383]}'),('sorl-thumbnail||image||373a72c292b202f2d67578dd31192966','{\"storage\": \"django.core.files.storage.FileSystemStorage\", \"name\": \"cache/9d/1a/9d1a2ddf4792db513c216e4edff5c22f.jpg\", \"size\": [347, 347]}'),('sorl-thumbnail||image||3777f6db9db498b0248f654522bf39c3','{\"storage\": \"django.core.files.storage.FileSystemStorage\", \"name\": \"cache/e0/93/e093fc97c49ae59a26213403379064e7.jpg\", \"size\": [49, 65]}'),('sorl-thumbnail||image||3c22c060e1af695aa4acbc876c1f0591','{\"storage\": \"django.core.files.storage.FileSystemStorage\", \"name\": \"cache/e5/24/e52461cb3f2923d6e3e4b589837700c9.jpg\", \"size\": [140, 100]}'),('sorl-thumbnail||image||400acbfa7ed57e5b72f2e12997a7a9f6','{\"storage\": \"django.core.files.storage.FileSystemStorage\", \"name\": \"8.png\", \"size\": [300, 300]}'),('sorl-thumbnail||image||417bb6491b389a1c4f45a4339e796984','{\"storage\": \"django.core.files.storage.FileSystemStorage\", \"name\": \"9076a2a2c397e656eda650950ac73c2b.jpg\", \"size\": [500, 664]}'),('sorl-thumbnail||image||474df0c52d727970e96ee3584d4f17a6','{\"storage\": \"django.core.files.storage.FileSystemStorage\", \"name\": \"cache/67/81/678118dc874a2a8b0a0e0cd56997b3d9.jpg\", \"size\": [140, 100]}'),('sorl-thumbnail||image||48a54d28c1c7ede9412a5f5c502fef1a','{\"storage\": \"django.core.files.storage.FileSystemStorage\", \"name\": \"5910b10a02b3086280338b6a.jpg\", \"size\": [1000, 1415]}'),('sorl-thumbnail||image||4dff889bcbefba5cea13990db4c6fe64','{\"storage\": \"django.core.files.storage.FileSystemStorage\", \"name\": \"cache/89/8f/898f32703bc2c7f90c160c3ee9621ea3.jpg\", \"size\": [87, 65]}'),('sorl-thumbnail||image||4e7ad79ccada640f5d7cd9e63751cef8','{\"storage\": \"django.core.files.storage.FileSystemStorage\", \"name\": \"cache/44/d7/44d7ac3e36cc7068832a547b4f3ef63f.jpg\", \"size\": [347, 347]}'),('sorl-thumbnail||image||4f680cf7a2ade479c6877943795bd35f','{\"storage\": \"django.core.files.storage.FileSystemStorage\", \"name\": \"58f71ab21b40894d05ccace8.jpg\", \"size\": [2400, 698]}'),('sorl-thumbnail||image||503e68bdb2322999a342918ab05ade1e','{\"storage\": \"django.core.files.storage.FileSystemStorage\", \"name\": \"cache/02/a6/02a60615fb13c61cdb6bd9bbd86f5cc9.jpg\", \"size\": [370, 383]}'),('sorl-thumbnail||image||5146a7843f975b9bd92a802353770691','{\"storage\": \"django.core.files.storage.FileSystemStorage\", \"name\": \"cache/85/8c/858c5444453bdb832c4dfbb0bb681086.jpg\", \"size\": [350, 65]}'),('sorl-thumbnail||image||539c06d737179c2e3932bf379d52d63a','{\"storage\": \"django.core.files.storage.FileSystemStorage\", \"name\": \"cache/cf/be/cfbeca8054f7eb0e9b7899a3de4ad6dc.jpg\", \"size\": [347, 347]}'),('sorl-thumbnail||image||53cf8b7be4aab69b5a53c65f5848a475','{\"storage\": \"django.core.files.storage.FileSystemStorage\", \"name\": \"cache/2c/f1/2cf17104cfbbbf4f2af750774258829b.jpg\", \"size\": [370, 383]}'),('sorl-thumbnail||image||54c11dd7932fb34fa2c65e76dd12c80e','{\"storage\": \"django.core.files.storage.FileSystemStorage\", \"name\": \"afisha-nabiulin.jpg\", \"size\": [230, 230]}'),('sorl-thumbnail||image||55c94dd3b5ff42684d90449ad405f222','{\"storage\": \"django.core.files.storage.FileSystemStorage\", \"name\": \"cache/05/ce/05cef644dd9eab97ab994b926a86dd52.jpg\", \"size\": [370, 383]}'),('sorl-thumbnail||image||55cf0806efd035920def7e9ddea46d71','{\"storage\": \"django.core.files.storage.FileSystemStorage\", \"name\": \"58ff27751b40894d05ccaf6c.jpg\", \"size\": [1232, 514]}'),('sorl-thumbnail||image||5695c5284951cee5c07cecc9dd4b207d','{\"storage\": \"django.core.files.storage.FileSystemStorage\", \"name\": \"cache/b1/ad/b1ad457863f08e352d6350fa3c419e5e.jpg\", \"size\": [370, 383]}'),('sorl-thumbnail||image||56bbfa72c05f9fce208043fae92b1280','{\"storage\": \"django.core.files.storage.FileSystemStorage\", \"name\": \"cache/8c/47/8c4725d25d8e5fa2b29b8cd0625eece5.jpg\", \"size\": [370, 383]}'),('sorl-thumbnail||image||572bdf65b54abecb991897369ac31531','{\"storage\": \"django.core.files.storage.FileSystemStorage\", \"name\": \"cache/4f/ec/4feccf4110f4a554e8501719e769b3ee.jpg\", \"size\": [370, 383]}'),('sorl-thumbnail||image||58018e276de19eaedb53ba4ef083fefe','{\"storage\": \"django.core.files.storage.FileSystemStorage\", \"name\": \"fullsize.jpg\", \"size\": [1200, 723]}'),('sorl-thumbnail||image||589b74ccfad82381123cbd19dff0ee8b','{\"storage\": \"django.core.files.storage.FileSystemStorage\", \"name\": \"cache/39/97/3997e63d6533270740b2f4848ff3de0c.jpg\", \"size\": [370, 383]}'),('sorl-thumbnail||image||59d113c2ab0cbb785500f14e454c01c4','{\"storage\": \"django.core.files.storage.FileSystemStorage\", \"name\": \"cache/a3/f4/a3f4d31afe188e027d87800517c33647.jpg\", \"size\": [347, 347]}'),('sorl-thumbnail||image||5a886629967013d7085fefd8d3c2b553','{\"storage\": \"django.core.files.storage.FileSystemStorage\", \"name\": \"1395492468_1101960175.jpg\", \"size\": [600, 848]}'),('sorl-thumbnail||image||5dbac028cc9b132d4cc80cabc8effc2a','{\"storage\": \"django.core.files.storage.FileSystemStorage\", \"name\": \"cache/03/ba/03ba4bc27068d9e3a73448c31cb937f6.jpg\", \"size\": [370, 383]}'),('sorl-thumbnail||image||5ebaeb53e1d4568769de4aed7069144f','{\"storage\": \"django.core.files.storage.FileSystemStorage\", \"name\": \"58a8ace2d208b27993e53268.jpg\", \"size\": [600, 338]}'),('sorl-thumbnail||image||613f633a28d081240b9343ef32713d2c','{\"storage\": \"django.core.files.storage.FileSystemStorage\", \"name\": \"cache/69/25/692596bc006ed400e52b098fe338158c.jpg\", \"size\": [347, 347]}'),('sorl-thumbnail||image||656983a12004146f43dcbd82aa147fc4','{\"storage\": \"django.core.files.storage.FileSystemStorage\", \"name\": \"None/37658.jpg\", \"size\": [600, 400]}'),('sorl-thumbnail||image||656a497594f262cd9fd2aaf7843b291e','{\"storage\": \"django.core.files.storage.FileSystemStorage\", \"name\": \"Rekord-Spartak-Dinamo.jpg\", \"size\": [464, 300]}'),('sorl-thumbnail||image||68b826e9f696eacb74621938bb83b6ab','{\"storage\": \"django.core.files.storage.FileSystemStorage\", \"name\": \"afisha-vystava-krasunia-chudovysko.jpg\", \"size\": [230, 230]}'),('sorl-thumbnail||image||6b673f4bc52fead4cfbef417a82d8fad','{\"storage\": \"django.core.files.storage.FileSystemStorage\", \"name\": \"cache/53/03/530329af37daba0f24164ede0c28c14f.jpg\", \"size\": [350, 65]}'),('sorl-thumbnail||image||6bd58275e31350afa31824a062cd9db1','{\"storage\": \"django.core.files.storage.FileSystemStorage\", \"name\": \"cache/be/78/be78f42cfd645483c86f541b2c98b6f5.jpg\", \"size\": [347, 347]}'),('sorl-thumbnail||image||6c57432f2738a1e0c31098db36557e7a','{\"storage\": \"django.core.files.storage.FileSystemStorage\", \"name\": \"590b4dffa7af9e49373639a0.jpg\", \"size\": [730, 1033]}'),('sorl-thumbnail||image||72555cf484124c0c7ab036226f1029c1','{\"storage\": \"django.core.files.storage.FileSystemStorage\", \"name\": \"cache/42/51/4251892658d065dec757ab691c1ac828.jpg\", \"size\": [350, 65]}'),('sorl-thumbnail||image||7435a69207c7bc02b6e1fadbdbf62346','{\"storage\": \"django.core.files.storage.FileSystemStorage\", \"name\": \"58a8ace2d208b27993e53269.jpg\", \"size\": [600, 338]}'),('sorl-thumbnail||image||759c50f47f41b847aa10868758ec8795','{\"storage\": \"django.core.files.storage.FileSystemStorage\", \"name\": \"cache/05/44/0544a538e968e2dd58060287dca0ca2e.jpg\", \"size\": [370, 383]}'),('sorl-thumbnail||image||784337de063707d49296e35bd5917c81','{\"storage\": \"django.core.files.storage.FileSystemStorage\", \"name\": \"110017.jpg\", \"size\": [1500, 575]}'),('sorl-thumbnail||image||7879e79423b81dc7854bd71d63d8db81','{\"storage\": \"django.core.files.storage.FileSystemStorage\", \"name\": \"cache/dc/bb/dcbbcc935e53fbe74ea7df6a41c6f375.jpg\", \"size\": [347, 347]}'),('sorl-thumbnail||image||7887ad06ba98bbd59c137a5136118fc4','{\"storage\": \"django.core.files.storage.FileSystemStorage\", \"name\": \"5910b47e02b3086280338b70.jpg\", \"size\": [682, 960]}'),('sorl-thumbnail||image||7c5b17848fb0acefa0ca9b17725f2582','{\"storage\": \"django.core.files.storage.FileSystemStorage\", \"name\": \"cache/39/55/3955058c75251131efae5cd0af6229f5.jpg\", \"size\": [340, 340]}'),('sorl-thumbnail||image||8045a13c9e44b819262316b54224a8eb','{\"storage\": \"django.core.files.storage.FileSystemStorage\", \"name\": \"cache/5b/22/5b22fb331d61df8d897d7f1d9ae9af0f.jpg\", \"size\": [370, 383]}'),('sorl-thumbnail||image||813f34225f9434fc62b785162d5e7646','{\"storage\": \"django.core.files.storage.FileSystemStorage\", \"name\": \"cache/59/bc/59bc0f757bd76cf6d2c26071c0e81cf2.jpg\", \"size\": [370, 383]}'),('sorl-thumbnail||image||844118ecb3d3c086a4151329d9667fe2','{\"storage\": \"django.core.files.storage.FileSystemStorage\", \"name\": \"58f65fb81b40894d05ccace2.jpg\", \"size\": [679, 960]}'),('sorl-thumbnail||image||859b08e19c99b865b56522fd2f2fbf49','{\"storage\": \"django.core.files.storage.FileSystemStorage\", \"name\": \"590f200102b3086280338b5f.jpg\", \"size\": [672, 960]}'),('sorl-thumbnail||image||869bdb0f9620ed4c07f85e3d1f4fb17d','{\"storage\": \"django.core.files.storage.FileSystemStorage\", \"name\": \"58fbac4b1b40894d05ccaf5f.jpg\", \"size\": [450, 450]}'),('sorl-thumbnail||image||86bdd28fe2e5b473aa11e4091c4603d9','{\"storage\": \"django.core.files.storage.FileSystemStorage\", \"name\": \"cache/e4/71/e471c23a669a8c95e87ec539d43c18c4.jpg\", \"size\": [347, 347]}'),('sorl-thumbnail||image||892b4acf16e2e6efdfc35e44c4d26aa4','{\"storage\": \"django.core.files.storage.FileSystemStorage\", \"name\": \"cache/f7/96/f796b858b6c3af99d1658a97787ab254.jpg\", \"size\": [370, 383]}'),('sorl-thumbnail||image||8c8b8849fa92d14478aa934f0c1c3ca1','{\"storage\": \"django.core.files.storage.FileSystemStorage\", \"name\": \"cache/3d/32/3d32e9e936e121c7b1df0233519a0a38.jpg\", \"size\": [347, 347]}'),('sorl-thumbnail||image||8f763c59a6ca543953ea137ceedfdc51','{\"storage\": \"django.core.files.storage.FileSystemStorage\", \"name\": \"memorial_square_28.JPG\", \"size\": [660, 440]}'),('sorl-thumbnail||image||900cc0d23fc86aca7ac615cefe68a063','{\"storage\": \"django.core.files.storage.FileSystemStorage\", \"name\": \"cache/06/f0/06f090e8b61adab954f329f47e4ce00a.jpg\", \"size\": [370, 383]}'),('sorl-thumbnail||image||9198213eb7cf86d26155f9ecc7b74204','{\"storage\": \"django.core.files.storage.FileSystemStorage\", \"name\": \"Best-Mens-Short-Hairstyles-2014-2015-2.jpg\", \"size\": [500, 750]}'),('sorl-thumbnail||image||92af5c3f56156be34faad4f56f0141ab','{\"storage\": \"django.core.files.storage.FileSystemStorage\", \"name\": \"cache/e2/88/e288992ca6ec96d3bea4a9d88c50fa8d.jpg\", \"size\": [370, 383]}'),('sorl-thumbnail||image||9309548e4c5c226ebbc5907ffd922a93','{\"storage\": \"django.core.files.storage.FileSystemStorage\", \"name\": \"5908b96b50c66d7541fe83f4.jpg\", \"size\": [764, 1080]}'),('sorl-thumbnail||image||93a1cdb90469f1c3b79b5a97e95ce1f8','{\"storage\": \"django.core.files.storage.FileSystemStorage\", \"name\": \"58ff70de1b40894d05ccaf6f.jpg\", \"size\": [526, 295]}'),('sorl-thumbnail||image||94469cb4beed6495a7a7e2465facd849','{\"storage\": \"django.core.files.storage.FileSystemStorage\", \"name\": \"kursy-nian.jpg\", \"size\": [230, 230]}'),('sorl-thumbnail||image||965a88008c7f0d98f290b937a531d39e','{\"storage\": \"django.core.files.storage.FileSystemStorage\", \"name\": \"cache/a8/a6/a8a6636c8f0540d37d4981a68e3d92ed.jpg\", \"size\": [140, 100]}'),('sorl-thumbnail||image||98156d3dfb9f9d0506cfe121ca8ef3d9','{\"storage\": \"django.core.files.storage.FileSystemStorage\", \"name\": \"cache/db/d5/dbd5ace63fedd1489077a6fd2543eb84.jpg\", \"size\": [140, 54]}'),('sorl-thumbnail||image||9821d84555228dbba1d41a5d84463763','{\"storage\": \"django.core.files.storage.FileSystemStorage\", \"name\": \"cache/03/e3/03e32a56c8c115f2dee480eac03060f1.jpg\", \"size\": [370, 383]}'),('sorl-thumbnail||image||9af01611fb7c96345e443093a34e1f5a','{\"storage\": \"django.core.files.storage.FileSystemStorage\", \"name\": \"58a8ace2d208b27993e5326d.jpg\", \"size\": [424, 600]}'),('sorl-thumbnail||image||9cd78853519ebe3d134b83402e0a5bab','{\"storage\": \"django.core.files.storage.FileSystemStorage\", \"name\": \"5910ae2d02b3086280338b67.jpg\", \"size\": [460, 258]}'),('sorl-thumbnail||image||a0b42e8bd6dcd68719ad8f35ba62910f','{\"storage\": \"django.core.files.storage.FileSystemStorage\", \"name\": \"cache/54/76/54760cd3b10bfe43cc5114e965ad4fd0.jpg\", \"size\": [140, 100]}'),('sorl-thumbnail||image||a3c6307e4add3c2de79d90434433380b','{\"storage\": \"django.core.files.storage.FileSystemStorage\", \"name\": \"cache/09/66/096693b4faeff8cac1a88f441e2d61aa.jpg\", \"size\": [140, 100]}'),('sorl-thumbnail||image||a4ce48369b7771c90f1fc71bbead0428','{\"storage\": \"django.core.files.storage.FileSystemStorage\", \"name\": \"afisha_eneida.jpg\", \"size\": [300, 300]}'),('sorl-thumbnail||image||a625f10429020e3b562a1c2cf9c16af1','{\"storage\": \"django.core.files.storage.FileSystemStorage\", \"name\": \"cache/b0/7f/b07f3b7921cd87a84fcda23b57717aa0.jpg\", \"size\": [370, 383]}'),('sorl-thumbnail||image||a714232c1f654f845d2019f0783f0be9','{\"storage\": \"django.core.files.storage.FileSystemStorage\", \"name\": \"cache/b6/63/b663e47917cf8e612efb2392a80f4425.jpg\", \"size\": [347, 347]}'),('sorl-thumbnail||image||a7ab881f8d92db5cacd79da52f403040','{\"storage\": \"django.core.files.storage.FileSystemStorage\", \"name\": \"cache/f6/d7/f6d718a0b7003ed0e9235a4b72b6cc04.jpg\", \"size\": [347, 347]}'),('sorl-thumbnail||image||ac710d005de8c79b0a8f958cfa387f68','{\"storage\": \"django.core.files.storage.FileSystemStorage\", \"name\": \"Lake_mapourika_NZ.jpeg\", \"size\": [2048, 1536]}'),('sorl-thumbnail||image||b3ecbb26d121202a2749a06b064eb27b','{\"storage\": \"django.core.files.storage.FileSystemStorage\", \"name\": \"cache/34/f0/34f0890d0310b078289a785559dd7dd0.jpg\", \"size\": [75, 100]}'),('sorl-thumbnail||image||b522d09412f7ab141485bed51fbd17df','{\"storage\": \"django.core.files.storage.FileSystemStorage\", \"name\": \"2f651b237a7ba779272d8f3dbd4954c8.jpg\", \"size\": [2560, 1440]}'),('sorl-thumbnail||image||ba263ee9b33df6d55383e5db289abea6','{\"storage\": \"django.core.files.storage.FileSystemStorage\", \"name\": \"58a8ace2d208b27993e53267.jpg\", \"size\": [600, 338]}'),('sorl-thumbnail||image||ba4a1a400aef98bff68138eaec269a27','{\"storage\": \"django.core.files.storage.FileSystemStorage\", \"name\": \"cache/e9/e1/e9e17285e10490e60eb37746cc4819b5.jpg\", \"size\": [370, 383]}'),('sorl-thumbnail||image||baf7e7bc32704a1ee3c27ad59b1578f4','{\"storage\": \"django.core.files.storage.FileSystemStorage\", \"name\": \"cache/0e/36/0e364ee2069ec1d0b2653a5c733833d0.jpg\", \"size\": [43, 65]}'),('sorl-thumbnail||image||bb8a915273c53a61673046ab15999026','{\"storage\": \"django.core.files.storage.FileSystemStorage\", \"name\": \"None/anon51-350x550.jpg\", \"size\": [350, 550]}'),('sorl-thumbnail||image||bc5afaf340512103dde38d2fbf633c9a','{\"storage\": \"django.core.files.storage.FileSystemStorage\", \"name\": \"cache/8a/cf/8acf7aa41e5a653f42d2e3599a5759e4.jpg\", \"size\": [370, 383]}'),('sorl-thumbnail||image||c165305a8a14a6f3e277f0d828398a08','{\"storage\": \"django.core.files.storage.FileSystemStorage\", \"name\": \"5910b02402b3086280338b68.jpg\", \"size\": [512, 296]}'),('sorl-thumbnail||image||c2b184b91b5b0435f8a2fa6075a80a4a','{\"storage\": \"django.core.files.storage.FileSystemStorage\", \"name\": \"58c99abfba478f1281cb1f7c.jpg\", \"size\": [450, 450]}'),('sorl-thumbnail||image||c42898d6ff74ea058d4878b6499ebd78','{\"storage\": \"django.core.files.storage.FileSystemStorage\", \"name\": \"None/11122222111.jpg\", \"size\": [310, 162]}'),('sorl-thumbnail||image||c5fcdd12799ffc72b7038f2f5f84fa8d','{\"storage\": \"django.core.files.storage.FileSystemStorage\", \"name\": \"cache/37/45/37457bf117ebbd9db58fdfd31e6b06fc.jpg\", \"size\": [347, 347]}'),('sorl-thumbnail||image||c695e053c0fd385ffa817a57bebba99b','{\"storage\": \"django.core.files.storage.FileSystemStorage\", \"name\": \"58ff28ba1b40894d05ccaf6e.jpg\", \"size\": [930, 272]}'),('sorl-thumbnail||image||c8537a5d3b85c67dadee37833843412c','{\"storage\": \"django.core.files.storage.FileSystemStorage\", \"name\": \"cache/5f/86/5f86aa6d91e799b0c700079d6129be57.jpg\", \"size\": [370, 383]}'),('sorl-thumbnail||image||c904f5ef8f38757446a8d713d9fe284f','{\"storage\": \"django.core.files.storage.FileSystemStorage\", \"name\": \"cache/82/b1/82b120bd62c68aa21f0acab60fa61f63.jpg\", \"size\": [370, 383]}'),('sorl-thumbnail||image||cb913e40fea0c6f47218daa0a0723e76','{\"storage\": \"django.core.files.storage.FileSystemStorage\", \"name\": \"cache/17/64/176434e6ab8920db64d5cadf2ee72c2c.jpg\", \"size\": [370, 383]}'),('sorl-thumbnail||image||cd5b8c792b753184bd334e41e2b773a2','{\"storage\": \"django.core.files.storage.FileSystemStorage\", \"name\": \"cache/8d/64/8d6495f7527db727bd525cf21275f6ee.jpg\", \"size\": [370, 383]}'),('sorl-thumbnail||image||cffc00520ea8934c82135ae96ec2a0ff','{\"storage\": \"django.core.files.storage.FileSystemStorage\", \"name\": \"cache/ee/99/ee99f483deb76c83d6f7fdc2f9ebaa0d.jpg\", \"size\": [347, 347]}'),('sorl-thumbnail||image||d36c18286b019b7c366126e372336d99','{\"storage\": \"django.core.files.storage.FileSystemStorage\", \"name\": \"cache/59/46/5946f03a5265c19a397fc64db7fd6c03.jpg\", \"size\": [133, 100]}'),('sorl-thumbnail||image||d397cae91f786039cc9ed767de13c422','{\"storage\": \"django.core.files.storage.FileSystemStorage\", \"name\": \"cache/a0/d0/a0d03e6aaaf3a0a372f0bd5a5250560c.jpg\", \"size\": [240, 240]}'),('sorl-thumbnail||image||d5b7fb09c88455c872b63c93e27518bb','{\"storage\": \"django.core.files.storage.FileSystemStorage\", \"name\": \"cache/9f/64/9f64ce11e43e1c1e599d4fadcc1a1f87.jpg\", \"size\": [370, 383]}'),('sorl-thumbnail||image||d6f2fc3e13021198c7bf9ef593949ba2','{\"storage\": \"django.core.files.storage.FileSystemStorage\", \"name\": \"DSC02951.JPG\", \"size\": [3456, 2592]}'),('sorl-thumbnail||image||da4a5143f7afcffbcb5de0ae5a35dd40','{\"storage\": \"django.core.files.storage.FileSystemStorage\", \"name\": \"None/DSC02952.JPG\", \"size\": [3456, 2592]}'),('sorl-thumbnail||image||de078986329bc62a015951fb4e54b2b7','{\"storage\": \"django.core.files.storage.FileSystemStorage\", \"name\": \"cache/a1/01/a101060ea1978ad8ff64b630c2ba5256.jpg\", \"size\": [370, 383]}'),('sorl-thumbnail||image||e0e9670f18ccf8f8288a18f34f9ca54e','{\"storage\": \"django.core.files.storage.FileSystemStorage\", \"name\": \"None/kay-theatre.jpg\", \"size\": [590, 300]}'),('sorl-thumbnail||image||e1c32325933f3dd2d3ae4acb5a968264','{\"storage\": \"django.core.files.storage.FileSystemStorage\", \"name\": \"58fbab041b40894d05ccaf5c.jpg\", \"size\": [350, 496]}'),('sorl-thumbnail||image||e2c8031d693c45bb995a70089d235500','{\"storage\": \"django.core.files.storage.FileSystemStorage\", \"name\": \"cache/72/4d/724dc3eb4d4ee8a441732b6139ce41aa.jpg\", \"size\": [370, 383]}'),('sorl-thumbnail||image||e9e76c475fa1360097db469f8863ce4d','{\"storage\": \"django.core.files.storage.FileSystemStorage\", \"name\": \"cache/3b/5c/3b5c89e5a16cf0dc9d8d5e4e94f7fb1c.jpg\", \"size\": [167, 65]}'),('sorl-thumbnail||image||eb2c363718afd01dbcb0e360ca6d0062','{\"storage\": \"django.core.files.storage.FileSystemStorage\", \"name\": \"cache/3c/c2/3cc213db797f5241011e33c81c56bf8d.jpg\", \"size\": [347, 347]}'),('sorl-thumbnail||image||eb54b4c6c24104778adaa3fc117dca31','{\"storage\": \"django.core.files.storage.FileSystemStorage\", \"name\": \"cache/6d/14/6d14021396f219631933e739a3c73d0f.jpg\", \"size\": [140, 100]}'),('sorl-thumbnail||image||ef72378a1e539930ad3b8597a90f7251','{\"storage\": \"django.core.files.storage.FileSystemStorage\", \"name\": \"cache/d3/13/d3133557e9bdb741c6540a7d659523b9.jpg\", \"size\": [350, 65]}'),('sorl-thumbnail||image||f2a90d50fbf13753a986d85f24798534','{\"storage\": \"django.core.files.storage.FileSystemStorage\", \"name\": \"cache/4f/bb/4fbb68c18889595d85e002b4bb0df06b.jpg\", \"size\": [350, 65]}'),('sorl-thumbnail||image||f67f46d1317986da46cd9f4e58105116','{\"storage\": \"django.core.files.storage.FileSystemStorage\", \"name\": \"cache/1f/be/1fbe91359d19a2eefd4306dffad103d5.jpg\", \"size\": [370, 383]}'),('sorl-thumbnail||image||f6fb07555214ae0de8e7299d60e0807f','{\"storage\": \"django.core.files.storage.FileSystemStorage\", \"name\": \"cache/a3/37/a337eeffba41f3a18d052626d8a1fa61.jpg\", \"size\": [43, 65]}'),('sorl-thumbnail||image||f85d1f50ece608d1a4450e7f1c494835','{\"storage\": \"django.core.files.storage.FileSystemStorage\", \"name\": \"cache/ba/fc/bafc29ae3b58a5c27e8b35128f67d463.jpg\", \"size\": [67, 100]}'),('sorl-thumbnail||image||f8e4a652701a9beca635484394d73834','{\"storage\": \"django.core.files.storage.FileSystemStorage\", \"name\": \"59005d531b40894d05ccaf71.jpg\", \"size\": [679, 960]}'),('sorl-thumbnail||image||f9519fc57dcf8ba42667c1c68ea78889','{\"storage\": \"django.core.files.storage.FileSystemStorage\", \"name\": \"110017_DhsigYD.jpg\", \"size\": [1500, 575]}'),('sorl-thumbnail||image||f9b66475458f68938a5546728f7c40bd','{\"storage\": \"django.core.files.storage.FileSystemStorage\", \"name\": \"cache/0b/6a/0b6afc5edd109e9cb792093332ac8ab4.jpg\", \"size\": [66, 100]}'),('sorl-thumbnail||thumbnails||0928a9b38d4ed27b31997c81a340c1d7','[\"53cf8b7be4aab69b5a53c65f5848a475\"]'),('sorl-thumbnail||thumbnails||0c994663badb626b71b0208eff9e7ea7','[\"eb2c363718afd01dbcb0e360ca6d0062\"]'),('sorl-thumbnail||thumbnails||0eaa0dba3556d59c39a789ffc97d7779','[\"7879e79423b81dc7854bd71d63d8db81\", \"892b4acf16e2e6efdfc35e44c4d26aa4\"]'),('sorl-thumbnail||thumbnails||1396c07ded1d1244aca037a4b2ea448a','[\"d5b7fb09c88455c872b63c93e27518bb\"]'),('sorl-thumbnail||thumbnails||1dd6490372f50f23408ffd9622f844f3','[\"bc5afaf340512103dde38d2fbf633c9a\"]'),('sorl-thumbnail||thumbnails||21261ef0e4990470e4647295fc608b90','[\"ef72378a1e539930ad3b8597a90f7251\", \"e9e76c475fa1360097db469f8863ce4d\", \"a3c6307e4add3c2de79d90434433380b\", \"98156d3dfb9f9d0506cfe121ca8ef3d9\"]'),('sorl-thumbnail||thumbnails||21b8ca77faf5ca6eda891620269d929e','[\"2551db6e35a73282059ec592a3116c61\"]'),('sorl-thumbnail||thumbnails||26a316ce6a22b22e651f18980c876e84','[\"baf7e7bc32704a1ee3c27ad59b1578f4\", \"f9b66475458f68938a5546728f7c40bd\", \"3c22c060e1af695aa4acbc876c1f0591\", \"5146a7843f975b9bd92a802353770691\"]'),('sorl-thumbnail||thumbnails||2bdbe38c6ff21b595bf13ce7ba0e3c0c','[\"a0b42e8bd6dcd68719ad8f35ba62910f\"]'),('sorl-thumbnail||thumbnails||400acbfa7ed57e5b72f2e12997a7a9f6','[\"0d1018d71e091727050e4604138baab0\"]'),('sorl-thumbnail||thumbnails||417bb6491b389a1c4f45a4339e796984','[\"b3ecbb26d121202a2749a06b064eb27b\", \"eb54b4c6c24104778adaa3fc117dca31\", \"3777f6db9db498b0248f654522bf39c3\", \"72555cf484124c0c7ab036226f1029c1\"]'),('sorl-thumbnail||thumbnails||48a54d28c1c7ede9412a5f5c502fef1a','[\"cb913e40fea0c6f47218daa0a0723e76\"]'),('sorl-thumbnail||thumbnails||4f680cf7a2ade479c6877943795bd35f','[\"05e250af0b6069a6e5b0b57ed75aa6ea\"]'),('sorl-thumbnail||thumbnails||54c11dd7932fb34fa2c65e76dd12c80e','[\"11b31ab7b26a95d14e4b908252d41188\", \"373a72c292b202f2d67578dd31192966\"]'),('sorl-thumbnail||thumbnails||55cf0806efd035920def7e9ddea46d71','[\"15676210fbd1d79dfc3db3298cec179d\"]'),('sorl-thumbnail||thumbnails||58018e276de19eaedb53ba4ef083fefe','[\"ba4a1a400aef98bff68138eaec269a27\"]'),('sorl-thumbnail||thumbnails||5a886629967013d7085fefd8d3c2b553','[\"28240b9c5db472ce7ed3784db7771a77\"]'),('sorl-thumbnail||thumbnails||5ebaeb53e1d4568769de4aed7069144f','[\"c5fcdd12799ffc72b7038f2f5f84fa8d\"]'),('sorl-thumbnail||thumbnails||656983a12004146f43dcbd82aa147fc4','[\"de078986329bc62a015951fb4e54b2b7\"]'),('sorl-thumbnail||thumbnails||656a497594f262cd9fd2aaf7843b291e','[\"f67f46d1317986da46cd9f4e58105116\"]'),('sorl-thumbnail||thumbnails||68b826e9f696eacb74621938bb83b6ab','[\"503e68bdb2322999a342918ab05ade1e\", \"6bd58275e31350afa31824a062cd9db1\"]'),('sorl-thumbnail||thumbnails||6c57432f2738a1e0c31098db36557e7a','[\"900cc0d23fc86aca7ac615cefe68a063\"]'),('sorl-thumbnail||thumbnails||7435a69207c7bc02b6e1fadbdbf62346','[\"a625f10429020e3b562a1c2cf9c16af1\"]'),('sorl-thumbnail||thumbnails||784337de063707d49296e35bd5917c81','[\"20708ae7a1dff5dd128f6e94b9f1170c\"]'),('sorl-thumbnail||thumbnails||7887ad06ba98bbd59c137a5136118fc4','[\"56bbfa72c05f9fce208043fae92b1280\", \"613f633a28d081240b9343ef32713d2c\"]'),('sorl-thumbnail||thumbnails||844118ecb3d3c086a4151329d9667fe2','[\"572bdf65b54abecb991897369ac31531\"]'),('sorl-thumbnail||thumbnails||859b08e19c99b865b56522fd2f2fbf49','[\"59d113c2ab0cbb785500f14e454c01c4\"]'),('sorl-thumbnail||thumbnails||869bdb0f9620ed4c07f85e3d1f4fb17d','[\"813f34225f9434fc62b785162d5e7646\"]'),('sorl-thumbnail||thumbnails||8f763c59a6ca543953ea137ceedfdc51','[\"55c94dd3b5ff42684d90449ad405f222\"]'),('sorl-thumbnail||thumbnails||9198213eb7cf86d26155f9ecc7b74204','[\"6b673f4bc52fead4cfbef417a82d8fad\", \"f85d1f50ece608d1a4450e7f1c494835\", \"f6fb07555214ae0de8e7299d60e0807f\", \"965a88008c7f0d98f290b937a531d39e\"]'),('sorl-thumbnail||thumbnails||9309548e4c5c226ebbc5907ffd922a93','[\"a7ab881f8d92db5cacd79da52f403040\"]'),('sorl-thumbnail||thumbnails||93a1cdb90469f1c3b79b5a97e95ce1f8','[\"5695c5284951cee5c07cecc9dd4b207d\"]'),('sorl-thumbnail||thumbnails||94469cb4beed6495a7a7e2465facd849','[\"4e7ad79ccada640f5d7cd9e63751cef8\", \"589b74ccfad82381123cbd19dff0ee8b\"]'),('sorl-thumbnail||thumbnails||9af01611fb7c96345e443093a34e1f5a','[\"cd5b8c792b753184bd334e41e2b773a2\", \"2cb5774b3a6190e153475778162d3c69\"]'),('sorl-thumbnail||thumbnails||9cd78853519ebe3d134b83402e0a5bab','[\"5dbac028cc9b132d4cc80cabc8effc2a\"]'),('sorl-thumbnail||thumbnails||a4ce48369b7771c90f1fc71bbead0428','[\"86bdd28fe2e5b473aa11e4091c4603d9\", \"2bab850ad9dcba1f8443e685926bef61\"]'),('sorl-thumbnail||thumbnails||ac710d005de8c79b0a8f958cfa387f68','[\"8045a13c9e44b819262316b54224a8eb\"]'),('sorl-thumbnail||thumbnails||b522d09412f7ab141485bed51fbd17df','[\"474df0c52d727970e96ee3584d4f17a6\"]'),('sorl-thumbnail||thumbnails||ba263ee9b33df6d55383e5db289abea6','[\"759c50f47f41b847aa10868758ec8795\"]'),('sorl-thumbnail||thumbnails||bb8a915273c53a61673046ab15999026','[\"34ff8b780537b7a41af0b1eb9d18f41f\"]'),('sorl-thumbnail||thumbnails||c165305a8a14a6f3e277f0d828398a08','[\"92af5c3f56156be34faad4f56f0141ab\"]'),('sorl-thumbnail||thumbnails||c2b184b91b5b0435f8a2fa6075a80a4a','[\"9821d84555228dbba1d41a5d84463763\"]'),('sorl-thumbnail||thumbnails||c42898d6ff74ea058d4878b6499ebd78','[\"071bb207d5bb052aad3ccf437c91d31b\"]'),('sorl-thumbnail||thumbnails||c695e053c0fd385ffa817a57bebba99b','[\"539c06d737179c2e3932bf379d52d63a\", \"c904f5ef8f38757446a8d713d9fe284f\"]'),('sorl-thumbnail||thumbnails||d6f2fc3e13021198c7bf9ef593949ba2','[\"4dff889bcbefba5cea13990db4c6fe64\", \"2128c61fe22b9b58d22ddb38d16797ff\", \"d36c18286b019b7c366126e372336d99\", \"f2a90d50fbf13753a986d85f24798534\"]'),('sorl-thumbnail||thumbnails||da4a5143f7afcffbcb5de0ae5a35dd40','[\"e2c8031d693c45bb995a70089d235500\"]'),('sorl-thumbnail||thumbnails||e0e9670f18ccf8f8288a18f34f9ca54e','[\"0a373e04d214053941764cc126eb5116\"]'),('sorl-thumbnail||thumbnails||e1c32325933f3dd2d3ae4acb5a968264','[\"8c8b8849fa92d14478aa934f0c1c3ca1\"]'),('sorl-thumbnail||thumbnails||f8e4a652701a9beca635484394d73834','[\"c8537a5d3b85c67dadee37833843412c\", \"cffc00520ea8934c82135ae96ec2a0ff\"]'),('sorl-thumbnail||thumbnails||f9519fc57dcf8ba42667c1c68ea78889','[\"a714232c1f654f845d2019f0783f0be9\", \"d397cae91f786039cc9ed767de13c422\", \"7c5b17848fb0acefa0ca9b17725f2582\"]');
/*!40000 ALTER TABLE `thumbnail_kvstore` ENABLE KEYS */;
UNLOCK TABLES;

--
-- Dumping routines for database 'today_if_ua'
--
/*!40103 SET TIME_ZONE=@OLD_TIME_ZONE */;

/*!40101 SET SQL_MODE=@OLD_SQL_MODE */;
/*!40014 SET FOREIGN_KEY_CHECKS=@OLD_FOREIGN_KEY_CHECKS */;
/*!40014 SET UNIQUE_CHECKS=@OLD_UNIQUE_CHECKS */;
/*!40101 SET CHARACTER_SET_CLIENT=@OLD_CHARACTER_SET_CLIENT */;
/*!40101 SET CHARACTER_SET_RESULTS=@OLD_CHARACTER_SET_RESULTS */;
/*!40101 SET COLLATION_CONNECTION=@OLD_COLLATION_CONNECTION */;
/*!40111 SET SQL_NOTES=@OLD_SQL_NOTES */;

-- Dump completed on 2017-05-15 22:05:29
